date,open,high,low,close
2008/9/3,50.6,51.2,49.98,50
2008/9/4,49.93,50.6,48.81,48.99
2008/9/5,48,48.65,47.8,48.58
2008/9/8,50.5,51.95,50.4,51.95
2008/9/9,51.1,51.1,49.52,49.65
2008/9/10,49.45,50.45,49.2,49.86
2008/9/11,49,49.4,48.2,48.37
2008/9/12,49,49.1,47.8,48.87
2008/9/15,47.7,48.05,46.4,46.55
2008/9/16,44.81,45.8,44.5,45
2008/9/17,46.85,47.22,45.35,45.91
2008/9/18,44.3,44.79,43.75,44.5
2008/9/19,46.6,47.61,46.6,47.61
2008/9/22,48.8,48.85,47.8,48.5
2008/9/23,48,48.76,47.8,48.76
2008/9/24,48.4,48.76,48,48.46
2008/9/25,47.55,48.46,47.4,47.7
2008/9/26,47.7,47.8,46.33,46.6
2008/9/30,43.34,44.8,43.34,44.6
2008/10/1,45.4,45.72,45.12,45.6
2008/10/2,45.07,45.72,44.2,44.55
2008/10/3,44.33,44.78,43.44,44.73
2008/10/6,44,44,42.68,42.7
2008/10/7,41.6,42.95,41.51,42.95
2008/10/8,41.73,42.04,39.95,40.19
2008/10/9,40.31,41.14,40.1,40.24
2008/10/13,39,39.1,38.84,38.84
2008/10/14,41.55,41.55,41.32,41.55
2008/10/15,41,41,40.2,40.57
2008/10/16,39.15,39.15,39.15,39.15
2008/10/17,39.1,39.1,38,38.02
2008/10/20,37.75,38.4,37.12,38.34
2008/10/21,39.2,39.2,37.74,38.12
2008/10/22,37.4,38,36.79,36.79
2008/10/23,35.51,35.51,35.51,35.51
2008/10/24,32.6,32.6,32.34,32.34
2008/10/27,30.3,31.9,30.08,30.1
2008/10/28,30,32.2,29.1,32.19
2008/10/29,34.4,34.4,32,32.19
2008/10/30,33.08,34.44,32.53,34.44
2008/10/31,34.5,36.78,34.16,36.54
2008/11/3,36.54,36.91,35.35,36.69
2008/11/4,36.4,36.78,35.76,36.64
2008/11/5,37,37.29,36.03,36.8
2008/11/6,34.45,34.45,34.23,34.23
2008/11/7,32.6,34.67,32.56,34.39
2008/11/10,34.39,34.39,33.5,34.05
2008/11/11,33.25,34.02,33.18,33.46
2008/11/12,33.42,33.79,33,33.46
2008/11/13,32.5,32.5,31.51,31.6
2008/11/14,32.8,32.8,31.84,32
2008/11/17,31.5,32.25,31.45,32.2
2008/11/18,31.36,31.5,30.77,30.9
2008/11/19,30.88,31.08,30.57,30.96
2008/11/20,30,30.11,29.4,29.5
2008/11/21,29.1,30.78,28.53,30.78
2008/11/24,30.45,30.45,29.3,29.96
2008/11/25,30.95,31.35,30.41,30.6
2008/11/26,30.87,31.13,30.58,30.95
2008/11/27,31.5,32.8,31.35,32.8
2008/11/28,32.5,32.5,31.74,32.13
2008/12/1,32,32.9,31.75,32.5
2008/12/2,30.6,31.09,30.5,30.6
2008/12/3,31,31.09,30.5,30.5
2008/12/4,30.8,30.92,29.95,30.01
2008/12/5,30.08,30.41,29.95,30.18
2008/12/8,30.78,32.29,30.7,32.29
2008/12/9,32.55,32.7,32.13,32.29
2008/12/10,32.29,34.19,32.26,34.19
2008/12/11,34.05,34.05,33.51,33.8
2008/12/12,33.33,33.5,31.53,32
2008/12/15,33.45,33.98,33.11,33.51
2008/12/16,33,33.51,32.77,33.51
2008/12/17,34,34.23,33.5,33.67
2008/12/18,34,34,33.5,33.79
2008/12/19,33.55,33.99,33.26,33.82
2008/12/22,33.95,34.07,32.65,32.65
2008/12/23,32.6,32.65,31.3,31.75
2008/12/24,31.3,31.9,31.05,31.8
2008/12/25,31.8,31.88,31.51,31.83
2008/12/26,31.75,32.1,31.53,31.85
2008/12/29,31.75,31.8,31.5,31.8
2008/12/30,32.1,33.29,32.04,33.16
2008/12/31,33.3,33.33,32.7,32.87
2009/1/5,34.38,34.7,33.93,34.2
2009/1/6,34.2,34.45,33.93,34.18
2009/1/7,34.7,34.87,34.3,34.63
2009/1/8,33.6,33.81,32.4,32.43
2009/1/9,32.43,32.52,32.02,32.22
2009/1/10,31.7,32.17,31.7,32.01
2009/1/12,31.63,32.3,31.6,31.96
2009/1/13,31.7,32.66,31.66,32.66
2009/1/14,32.66,32.92,32.49,32.5
2009/1/15,31.2,31.2,30.95,31
2009/1/16,31.2,31.39,31.01,31.38
2009/1/17,31.49,31.49,31.26,31.4
2009/1/19,31.4,31.55,31.38,31.53
2009/1/20,30.63,30.89,30.53,30.7
2009/1/21,30.4,30.55,30.01,30.5
2009/2/2,30.38,30.88,30.38,30.88
2009/2/3,30.72,31.65,30.72,31.47
2009/2/4,31.77,31.78,31.5,31.69
2009/2/5,31.5,31.81,31.39,31.43
2009/2/6,31.77,32.55,31.77,32.2
2009/2/9,32.64,33.06,32.5,32.5
2009/2/10,32.55,32.73,32.4,32.7
2009/2/11,32.01,33.25,32,33.25
2009/2/12,33.13,33.2,32.25,32.35
2009/2/13,32.6,33.38,32.55,33.28
2009/2/16,33.28,33.35,33.03,33.21
2009/2/17,33,33,32.24,32.44
2009/2/18,32,32.55,31.97,32.49
2009/2/19,32.18,33.19,31.94,32.92
2009/2/20,32.3,32.54,32,32.1
2009/2/23,32.06,32.44,31.55,32.44
2009/2/24,31.8,32.16,31.66,32.16
2009/2/25,32.5,32.95,32.4,32.74
2009/2/26,32.95,33,32.56,32.8
2009/2/27,32.8,33.05,32.65,33.05
2009/3/2,32.5,32.7,31.75,31.93
2009/3/3,31.6,31.97,31.3,31.95
2009/3/4,31.51,32.75,31.51,32.75
2009/3/5,33,33.7,33,33.45
2009/3/6,33,33.8,33,33.67
2009/3/9,33.7,33.7,32.97,33.32
2009/3/10,33.19,33.5,33.02,33.48
2009/3/11,34.05,34.3,33.86,34.25
2009/3/12,34.25,34.26,33.95,34.05
2009/3/13,34.55,35.35,34.5,35
2009/3/16,35.06,35.62,35.06,35.53
2009/3/17,35.53,36.17,35.3,36.17
2009/3/18,36.17,36.31,35.93,36.1
2009/3/19,36.1,36.59,35.9,35.9
2009/3/20,35.95,36.1,35.38,35.42
2009/3/23,36.03,36.57,35.78,36.57
2009/3/24,37.13,37.5,37.1,37.45
2009/3/25,37.3,38.06,37.12,37.82
2009/3/26,38,38.33,37.63,38.1
2009/3/27,38.3,38.38,37.66,37.77
2009/3/30,37.55,37.55,36.29,36.29
2009/3/31,36.78,37.24,36.61,36.64
2009/4/1,37.09,37.49,36.91,37.29
2009/4/2,37.88,38.58,37.81,38.58
2009/4/3,38.86,38.86,38.32,38.6
2009/4/6,38.8,39.33,38.56,38.79
2009/4/7,38.46,38.8,38.2,38.8
2009/4/8,38.33,38.86,37.6,37.73
2009/4/9,38.33,39.33,38.22,39.28
2009/4/10,39.88,40,39.28,39.97
2009/4/13,40.08,40.24,39.76,40.18
2009/4/14,39.93,40.65,39.55,40.5
2009/4/15,40.26,40.46,39.82,40.25
2009/4/16,41.15,41.35,40.9,41.2
2009/4/17,41.51,41.64,39.5,39.88
2009/4/20,39.93,40.5,39.65,40.17
2009/4/21,39.77,40.78,39.56,40.78
2009/4/22,40.86,40.89,40.53,40.65
2009/4/23,40.51,40.65,39.95,40.46
2009/4/24,40.6,41.12,40.03,40.5
2009/4/27,40.5,40.78,39.25,39.52
2009/4/28,39.75,39.97,38.9,39.05
2009/4/29,39.26,39.56,39.08,39.4
2009/4/30,42.15,42.15,42.15,42.15
2009/5/4,45.1,45.1,44.9,45.1
2009/5/5,47,47.17,45.85,46.3
2009/5/6,46.03,46.57,45.61,46.4
2009/5/7,46.42,46.5,45.35,46.3
2009/5/8,45.55,45.88,45.35,45.83
2009/5/11,45.8,46.55,45.7,46.2
2009/5/12,45.55,45.6,44.43,44.6
2009/5/13,44.6,44.9,44.52,44.67
2009/5/14,43.99,44.07,43.63,43.65
2009/5/15,43.9,44.8,43.9,44.8
2009/5/18,44.35,45.13,44.3,45.06
2009/5/19,46.05,46.63,45.71,46.1
2009/5/20,46.12,46.61,45.51,46.3
2009/5/21,46.16,46.34,45.6,45.95
2009/5/22,45.5,46.29,45.5,45.78
2009/5/25,46.3,46.72,45.5,45.73
2009/5/26,45.68,46.24,45.58,45.6
2009/5/27,46.1,48.14,46.1,48
2009/6/1,48.08,48.18,47.52,47.72
2009/6/2,48.15,48.65,47.57,47.85
2009/6/3,47.82,47.88,47.51,47.79
2009/6/4,47.7,47.75,46.33,46.7
2009/6/5,46.79,46.89,46.4,46.62
2009/6/6,46.65,46.9,46.59,46.9
2009/6/8,47.4,47.4,45.62,45.71
2009/6/9,45.76,45.76,44.28,44.45
2009/6/10,44.7,45.05,44.46,44.85
2009/6/11,44.85,45.3,44,45.25
2009/6/12,45.26,45.29,44.43,44.66
2009/6/15,44.3,44.3,42.84,43.04
2009/6/16,43.04,43.38,42.7,43.05
2009/6/17,43.05,43.49,42.9,42.97
2009/6/18,42.97,43.3,42.4,42.75
2009/6/19,42.75,43.25,42.65,43.25
2009/6/22,43.07,44.05,42.8,43.9
2009/6/23,42.85,43.1,42.8,42.85
2009/6/24,42.8,45.77,42.73,44.08
2009/6/25,44.35,44.79,44.1,44.58
2009/6/26,44.75,44.82,44.48,44.6
2009/6/29,44.8,44.9,44.09,44.28
2009/6/30,44.88,44.89,44.08,44.46
2009/7/1,44.48,45.65,44.45,45.45
2009/7/2,45.6,46,45.48,45.9
2009/7/3,45.45,46.1,45.4,45.8
2009/7/6,45.8,45.9,45.36,45.69
2009/7/7,45.4,46.37,45.4,46.19
2009/7/8,45.77,45.86,45.42,45.66
2009/7/9,45.88,46.75,45.8,46.5
2009/7/10,46.62,46.88,46.37,46.78
2009/7/13,46.75,47.1,45,45.3
2009/7/14,45.68,46.19,45.59,46.14
2009/7/15,46.37,47.21,46.37,47.05
2009/7/16,47.6,47.88,47.21,47.45
2009/7/17,47.6,48.07,47.34,47.87
2009/7/20,48.42,48.51,47.87,48.5
2009/7/21,48.5,48.67,48.05,48.4
2009/7/22,48.7,48.95,48.35,48.48
2009/7/23,48.48,48.8,48,48.51
2009/7/24,48.8,49,48.29,48.38
2009/7/27,48.5,49.2,48.41,48.83
2009/7/28,48.83,49.78,48.83,49.7
2009/7/29,49.7,49.94,49.04,49.35
2009/7/30,49.12,49.2,48.13,48.85
2009/7/31,49.11,49.58,48.95,49.02
2009/8/3,49.1,49.25,48.6,49.19
2009/8/4,49.58,49.65,48.13,48.65
2009/8/5,48.62,48.96,47.81,48.05
2009/8/6,48.05,48.35,47.66,48.14
2009/8/10,48,48.44,47.9,48.26
2009/8/11,48.3,48.5,47.74,48.42
2009/8/12,48.2,48.45,48,48.25
2009/8/13,48.5,49.42,48.4,49.36
2009/8/14,49.64,50.1,49.43,49.62
2009/8/17,49.15,49.49,48.6,48.66
2009/8/18,48.2,48.58,47.53,48.02
2009/8/19,48.23,48.36,47.86,47.86
2009/8/20,47.79,47.87,47.01,47.6
2009/8/21,47.92,48.18,47.03,47.18
2009/8/24,48,48.83,47.95,48.7
2009/8/25,48.66,48.68,48.25,48.33
2009/8/26,48.37,48.55,47.5,48
2009/8/27,47.64,48.08,47.6,47.75
2009/8/28,47.8,48.83,47.8,48.4
2009/8/31,48.69,48.84,48.07,48.45
2009/9/1,48.45,50.2,48.45,50.2
2009/9/2,49.7,50.4,49.7,50.2
2009/9/3,50.05,50.8,49.85,50.45
2009/9/4,50.6,51.15,50.5,51.05
2009/9/7,51.15,51.8,51.15,51.8
2009/9/8,51.85,52.7,51.35,52.5
2009/9/9,52.4,52.55,52,52.05
2009/9/10,54.9,55,52.35,52.85
2009/9/11,52.5,52.75,52.4,52.5
2009/9/14,52.3,52.55,51.3,51.85
2009/9/15,51.9,52.6,51.8,52.45
2009/9/16,52.8,53.3,52.7,53.2
2009/9/17,53.5,53.6,53.1,53.15
2009/9/18,52.95,53.4,52.95,53.3
2009/9/21,53.3,53.7,52.65,53.15
2009/9/22,53.15,53.25,52.8,52.95
2009/9/23,52.9,53.55,52.35,52.7
2009/9/24,52.6,52.7,51.6,52
2009/9/25,51.75,52.35,51.6,52.35
2009/9/28,52.1,52.2,51.45,51.8
2009/9/29,52.45,53,52.4,52.85
2009/9/30,52.95,53.85,52.95,53.3
2009/10/1,53.8,54.15,53.3,53.65
2009/10/2,52.8,53.1,52.6,52.7
2009/10/5,52.7,52.9,52.25,52.65
2009/10/6,52.65,53.65,52.65,53.6
2009/10/7,53.9,54,53.55,53.9
2009/10/8,53.9,54,53,53.05
2009/10/9,53.3,53.6,53.05,53.35
2009/10/12,53.5,53.8,53,53.6
2009/10/13,52.9,53.8,52.8,53.7
2009/10/14,53.85,54.45,53.8,54.35
2009/10/15,54.95,55.05,54.5,54.65
2009/10/16,54.65,54.8,54.45,54.65
2009/10/19,54.15,54.85,54.15,54.85
2009/10/20,54.95,55.15,54.8,54.9
2009/10/21,54.8,54.9,54.25,54.5
2009/10/22,54.2,54.4,53.5,53.7
2009/10/23,53.2,53.35,52.95,53.25
2009/10/26,53.65,53.95,53.3,53.5
2009/10/27,53.15,53.4,52.75,53.4
2009/10/28,53.1,53.4,52.45,52.55
2009/10/29,51.8,51.85,50.6,51.55
2009/10/30,51.75,52,51.55,51.65
2009/11/2,50.8,51.4,50.6,51.35
2009/11/3,51.35,51.4,51,51
2009/11/4,51.3,52,51.3,51.95
2009/11/5,51.95,52.1,51.65,51.85
2009/11/6,52.45,52.5,52,52.25
2009/11/9,52.7,52.85,52.5,52.75
2009/11/10,53,53.2,53,53.15
2009/11/11,53.35,53.85,52.9,53.85
2009/11/12,53.85,54.05,53.65,53.8
2009/11/13,53.65,53.9,53.4,53.65
2009/11/16,53.75,54.55,53.65,54.55
2009/11/17,55.2,55.2,54.1,54.1
2009/11/18,54.2,54.35,54,54.15
2009/11/19,54.1,54.3,53.9,53.95
2009/11/20,53.55,53.75,53,53.45
2009/11/23,53.4,53.45,53.2,53.4
2009/11/24,53.5,53.65,53.45,53.65
2009/11/25,53.35,54.2,53.35,54
2009/11/26,54.1,54.4,53.7,53.85
2009/11/27,53.05,53.1,52.2,52.2
2009/11/30,52.55,52.85,52.55,52.7
2009/12/1,52.7,53.35,52.35,53.25
2009/12/2,53.65,53.75,53.35,53.4
2009/12/3,53.8,53.8,53.3,53.45
2009/12/4,53.3,53.55,53.1,53.1
2009/12/7,53.5,54,53.4,53.95
2009/12/8,54.1,54.1,53.6,53.7
2009/12/9,53.6,53.85,53.45,53.85
2009/12/10,53.85,53.95,52.7,53
2009/12/11,53,53.85,53,53.85
2009/12/14,53.2,54,53.2,53.9
2009/12/15,53.9,54,53.65,53.75
2009/12/16,53.5,53.6,53,53.2
2009/12/17,53.35,53.8,53.15,53.4
2009/12/18,53,53.3,53,53.25
2009/12/21,53.65,54,53.6,53.7
2009/12/22,54,54.25,53.85,54.15
2009/12/23,54.2,54.65,54.2,54.55
2009/12/24,54.55,55.2,54.55,55.1
2009/12/25,55.2,55.25,55.05,55.2
2009/12/28,55.5,55.7,55.3,55.6
2009/12/29,55.6,55.6,55.35,55.5
2009/12/30,55.5,55.75,55.35,55.7
2009/12/31,55.7,56.45,55.7,56.45
2010/1/4,56.45,56.65,56.05,56.5
2010/1/5,56.8,56.9,56.15,56.5
2010/1/6,56.5,57.75,56.5,57.55
2010/1/7,57.6,58.15,57.3,57.4
2010/1/8,57.3,57.75,57.05,57.75
2010/1/11,57.1,58.05,57.1,57.9
2010/1/12,57.55,57.85,57.25,57.6
2010/1/13,57.05,57.15,56.7,56.75
2010/1/14,56.8,57.6,56.8,57.45
2010/1/15,57.35,57.95,57.35,57.8
2010/1/18,57.45,57.7,57.3,57.5
2010/1/19,57.5,57.7,56.5,56.75
2010/1/20,56.8,56.95,56.1,56.4
2010/1/21,56.15,56.4,55.75,55.95
2010/1/22,55.2,55.2,54.35,54.4
2010/1/25,53.95,54.45,53.8,54.2
2010/1/26,54.15,54.55,52.75,52.95
2010/1/27,52.95,53.3,52.7,52.9
2010/1/28,53.1,54.2,53.1,54.05
2010/1/29,52.95,53.25,52.2,53
2010/2/1,53.15,53.2,51.95,52.4
2010/2/2,52.95,52.95,51.6,51.85
2010/2/3,52.1,52.8,52.05,52.75
2010/2/4,52.75,52.85,52.35,52.55
2010/2/5,51.25,51.3,50.5,50.75
2010/2/6,50.8,51.3,50.3,51.2
2010/2/8,51.05,51.2,50.7,50.85
2010/2/9,50.85,51.65,50.75,51.55
2010/2/10,51.95,52.25,51.7,52.1
2010/2/22,53.05,53.15,52.6,52.6
2010/2/23,52.6,52.75,52.2,52.6
2010/2/24,52.15,52.55,52.15,52.25
2010/2/25,52.25,52.3,51.35,51.65
2010/2/26,51.65,51.75,51.2,51.55
2010/3/1,51.5,52.95,51.5,52.8
2010/3/2,52.75,53.1,52.55,52.65
2010/3/3,52.7,53.1,52.5,52.65
2010/3/4,52.75,52.9,51.8,52.2
2010/3/5,52.85,53.2,52.5,52.95
2010/3/8,53.3,53.65,53.25,53.65
2010/3/9,53.7,53.8,53.55,53.8
2010/3/10,53.85,53.95,53.45,53.8
2010/3/11,54,54,53.5,53.65
2010/3/12,53.7,53.7,53.4,53.6
2010/3/15,53.5,53.55,52.7,52.85
2010/3/16,52.8,53.1,52.75,53.1
2010/3/17,53.45,54.15,53.4,54.15
2010/3/18,54.25,54.55,54.05,54.4
2010/3/19,54.45,54.45,54,54.25
2010/3/22,54,54,53.25,53.7
2010/3/23,53.7,53.8,53.25,53.35
2010/3/24,53.5,53.75,53.45,53.5
2010/3/25,53.35,53.7,52.9,53.5
2010/3/26,53.25,54.15,52.9,54
2010/3/29,54.15,54.55,54.15,54.5
2010/3/30,54.5,54.55,54.35,54.45
2010/3/31,54.35,54.45,54.2,54.25
2010/4/1,54.25,54.9,54.25,54.75
2010/4/2,54.75,54.9,54.65,54.75
2010/4/6,54.9,55.55,54.9,55.3
2010/4/7,55.35,55.5,55.3,55.4
2010/4/8,55.4,55.5,54.85,55.05
2010/4/9,55,55.2,54.8,55.2
2010/4/12,55.45,55.55,55.2,55.45
2010/4/13,55.2,55.2,54.6,54.8
2010/4/14,55,55.2,54.8,55.2
2010/4/15,55.35,55.8,55.35,55.55
2010/4/16,55.5,55.5,54.9,55.2
2010/4/19,54.65,54.65,53.65,53.65
2010/4/20,53.9,54.1,53.75,53.85
2010/4/21,54.15,54.6,54.15,54.55
2010/4/22,54.2,54.5,53.9,54.45
2010/4/23,54.45,54.75,54.45,54.75
2010/4/26,55.25,55.9,55.25,55.9
2010/4/27,55.9,55.95,55.6,55.85
2010/4/28,54.75,55.35,54.55,55.25
2010/4/29,55.25,55.3,54.85,55
2010/4/30,55.4,55.7,54.7,54.8
2010/5/3,54.5,54.85,54.25,54.45
2010/5/4,54.75,54.8,54.2,54.5
2010/5/5,53.4,53.45,52.85,53
2010/5/6,52.95,52.95,51.8,51.95
2010/5/7,51.3,52,51.05,51.95
2010/5/10,52.15,52.5,51.85,52.4
2010/5/11,52.6,52.8,52.05,52.2
2010/5/12,52.1,52.5,51.95,52.1
2010/5/13,52.65,53.4,52.6,53.25
2010/5/14,53.05,53.2,52.9,53.1
2010/5/17,52.6,52.6,51.7,51.9
2010/5/18,52.1,52.2,51.8,52
2010/5/19,51.5,51.55,50.95,51.45
2010/5/20,51.45,51.45,50.75,50.8
2010/5/21,50,50,49.3,49.75
2010/5/24,49.9,50.55,49.9,50.45
2010/5/25,50,50,48.65,49.12
2010/5/26,49.74,49.8,49,49.32
2010/5/27,49.32,49.66,48.75,49.66
2010/5/28,50.1,50.3,49.76,49.87
2010/5/31,50,50.15,49.72,50.1
2010/6/1,50,50.2,49.6,49.83
2010/6/2,49.52,49.83,48.8,49.05
2010/6/3,49.8,50.2,49.75,50.2
2010/6/4,50.2,50.2,49.94,50.05
2010/6/7,48.85,48.85,48.3,48.74
2010/6/8,48.7,48.7,48.31,48.56
2010/6/9,48.5,48.65,47.95,48.18
2010/6/10,48.18,48.89,48.18,48.85
2010/6/11,49.69,49.76,49.46,49.62
2010/6/14,50.2,50.4,50.05,50.35
2010/6/15,50.35,51.1,50.15,50.7
2010/6/17,51.1,51.25,50.85,51.05
2010/6/18,51.05,51.15,50.65,50.9
2010/6/21,51.5,52,51.35,52
2010/6/22,51.9,51.9,51.65,51.7
2010/6/23,51.35,51.5,51.05,51.15
2010/6/24,51.15,51.4,51.1,51.3
2010/6/25,50.75,51,50.5,50.6
2010/6/28,50.7,50.95,50.6,50.8
2010/6/29,51,51.45,50.4,50.5
2010/6/30,49.55,49.69,49.28,49.55
2010/7/1,49.55,49.55,49.01,49.19
2010/7/2,49.1,49.79,49.08,49.49
2010/7/5,49.73,50.5,49.6,50.5
2010/7/6,50,51.4,50,51.4
2010/7/7,51.35,51.4,51.1,51.3
2010/7/8,51.9,52.05,51.65,52.05
2010/7/9,51.9,52.4,51.9,52.35
2010/7/12,52.4,52.95,52.3,52.3
2010/7/13,52.4,52.6,52,52.15
2010/7/14,52.9,53.15,52.8,53.15
2010/7/15,52.95,53.25,52.8,53.25
2010/7/16,53.15,53.15,52.7,52.9
2010/7/19,52.25,52.85,52.2,52.75
2010/7/20,52.75,53.35,52.55,53.2
2010/7/21,53.2,53.35,52.85,52.9
2010/7/22,52.9,53.05,52.6,52.95
2010/7/23,53.1,53.7,53.1,53.7
2010/7/26,53.7,53.95,53.65,53.85
2010/7/27,53.9,53.9,53.55,53.6
2010/7/28,53.6,54.1,53.5,54.05
2010/7/29,53.95,54.15,53.8,54.1
2010/7/30,53.9,54.05,53.5,53.9
2010/8/2,54.35,55.2,54.35,54.95
2010/8/3,55.05,55.3,54.95,55.2
2010/8/4,55,55.3,54.95,55.1
2010/8/5,55.25,55.45,54.85,55.05
2010/8/6,54.9,55.25,54.9,55.2
2010/8/9,55.1,55.65,55.1,55.5
2010/8/10,55.5,55.7,55.2,55.4
2010/8/11,55,55.2,54.55,54.7
2010/8/12,54.1,54.45,54,54.25
2010/8/13,54.3,55,54.3,54.85
2010/8/16,54.45,55.05,54.3,55
2010/8/17,54.85,55,54.75,54.95
2010/8/18,55,55.05,54.4,54.65
2010/8/19,54.65,55,54.5,54.95
2010/8/20,54.85,54.95,54.65,54.95
2010/8/23,54.85,55.6,54.7,55.3
2010/8/24,55,55.25,54.9,54.95
2010/8/25,54.3,54.5,53.85,53.95
2010/8/26,53.9,53.95,53.6,53.6
2010/8/27,53.6,53.9,53.45,53.85
2010/8/30,54.3,54.6,53.95,54.1
2010/8/31,53.7,53.7,53.15,53.3
2010/9/1,53.5,53.7,53.35,53.7
2010/9/2,54.1,54.35,53.8,54
2010/9/3,54.2,54.6,54.1,54.55
2010/9/6,54.95,55,54.65,54.95
2010/9/7,54.95,55.05,54.8,54.85
2010/9/8,54.75,54.9,54.45,54.75
2010/9/9,54.95,55,54.65,54.75
2010/9/10,55.15,55.3,55,55.25
2010/9/13,55.55,56.8,55.55,56.8
2010/9/14,56.8,57,56.75,57
2010/9/15,57,57.25,56.9,57.25
2010/9/16,57.2,57.3,56.65,56.65
2010/9/17,56.85,57.5,56.85,57.3
2010/9/20,57.2,57.45,57.1,57.25
2010/9/21,57.6,57.8,57.15,57.35
2010/9/23,57.35,57.65,57.1,57.35
2010/9/24,57.1,57.3,56.85,57
2010/9/27,57.5,57.6,57.3,57.5
2010/9/28,57.15,57.55,57.15,57.4
2010/9/29,57.6,58.15,57.5,57.8
2010/9/30,57.7,57.8,57.5,57.7
2010/10/1,57.9,57.9,57.5,57.75
2010/10/4,57.85,58.1,57.75,57.75
2010/10/5,57.5,57.55,57.05,57.4
2010/10/6,57.9,58.05,57.7,57.75
2010/10/7,57.85,57.95,57.7,57.95
2010/10/8,57.85,57.95,57.45,57.6
2010/10/11,57.6,57.6,56.9,56.95
2010/10/12,57,57,56.05,56.2
2010/10/13,56.35,56.55,56.15,56.55
2010/10/14,56.9,57.7,56.9,57.45
2010/10/15,57.5,57.6,57.3,57.35
2010/10/18,57.3,57.3,56.15,56.2
2010/10/19,56.2,56.2,55.85,56.05
2010/10/20,55.8,56.7,55.7,56.7
2010/10/21,56.8,56.95,56.55,56.75
2010/10/22,56.75,57.1,56.75,57.1
2010/10/25,55.5,56.15,55.1,56.1
2010/10/26,56.3,56.35,56,56.35
2010/10/27,56.5,56.65,55.85,56.05
2010/10/28,56.05,56.5,55.9,56.5
2010/10/29,56.2,56.35,55.9,56
2010/11/1,56.2,57.05,56.2,56.8
2010/11/2,56.8,56.9,56.65,56.8
2010/11/3,56.95,57.1,56.5,56.7
2010/11/4,56.8,57.2,56.8,57.05
2010/11/5,57.55,57.75,57.5,57.65
2010/11/8,57.8,57.85,57.45,57.55
2010/11/9,57.55,57.7,57.45,57.7
2010/11/10,57.8,57.85,57.6,57.65
2010/11/11,57.8,57.8,57.45,57.5
2010/11/12,57.25,57.25,56.35,56.35
2010/11/15,56.3,56.3,56.05,56.15
2010/11/16,56.1,56.85,56.1,56.75
2010/11/17,56.35,56.65,56.15,56.5
2010/11/18,56.4,56.6,56.3,56.6
2010/11/19,56.9,57.15,56.3,56.65
2010/11/22,56.8,57.5,56.8,57.35
2010/11/23,57.35,57.35,56.8,56.9
2010/11/24,56.7,57.05,56.65,56.85
2010/11/25,56.85,57.15,56.85,57.1
2010/11/26,57.15,57.15,56.8,56.8
2010/11/29,57.1,57.35,56.85,56.9
2010/11/30,57.05,57.5,56.95,57.1
2010/12/1,57.1,58,57.1,58
2010/12/2,58.5,58.7,58.35,58.45
2010/12/3,58.6,59,58.6,59
2010/12/6,59,59.35,59,59.15
2010/12/7,59.2,59.2,58.85,59.1
2010/12/8,59.1,59.35,58.95,59.1
2010/12/9,59.5,59.8,59.45,59.7
2010/12/10,59.6,59.6,59.15,59.3
2010/12/13,59.2,59.5,59.2,59.45
2010/12/14,59.25,59.6,59.1,59.3
2010/12/15,59.3,59.65,59.15,59.6
2010/12/16,59.65,59.85,59.6,59.7
2010/12/17,59.8,60.45,59.8,60.2
2010/12/20,60.4,60.4,59.5,59.9
2010/12/21,59.9,60.15,59.65,60.05
2010/12/22,60.4,60.4,60,60.05
2010/12/23,60.05,60.55,60.05,60.45
2010/12/24,60.45,60.45,60.15,60.2
2010/12/27,60.2,60.55,60,60.45
2010/12/28,60.45,60.5,60.1,60.35
2010/12/29,60.35,60.5,60.2,60.5
2010/12/30,60.7,60.8,60.4,60.8
2010/12/31,60.8,61.4,60.75,61.4
2011/1/3,61.6,61.65,61.45,61.45
2011/1/4,61.55,61.6,61.3,61.3
2011/1/5,61.1,61.35,59.9,60.3
2011/1/6,60.25,60.3,59.95,60.2
2011/1/7,60.25,60.35,59.4,59.65
2011/1/10,59.75,59.9,59.55,59.85
2011/1/11,59.7,61,59.7,60.85
2011/1/12,61,61.25,60.9,61.1
2011/1/13,61.25,61.4,60.8,61.05
2011/1/14,60.95,61.1,60.8,61
2011/1/17,61.15,61.25,60.7,60.85
2011/1/18,60.55,61.55,60.5,61.35
2011/1/19,61.35,62.15,61.35,62.05
2011/1/20,62,62,61.6,61.65
2011/1/21,61.1,61.45,60.55,61
2011/1/24,61,61.2,60.9,60.95
2011/1/25,61.45,61.7,61.4,61.45
2011/1/26,61.45,62.1,61.45,62
2011/1/27,62.05,62.7,62.05,62.45
2011/1/28,62.5,63,62.45,63
2011/2/8,63.05,63.2,62.4,62.6
2011/2/9,62.5,62.6,61.7,62
2011/2/10,61.6,61.6,60.75,60.85
2011/2/11,60.4,60.4,58.5,58.9
2011/2/14,59.05,59.65,59.05,59.4
2011/2/15,59.4,59.9,58.65,59.75
2011/2/16,59.8,60.1,59.6,59.85
2011/2/17,59.75,59.8,59.4,59.65
2011/2/18,60,60.85,59.95,60.65
2011/2/21,60.4,60.8,60.15,60.65
2011/2/22,60.3,60.3,59.3,59.85
2011/2/23,59.45,59.7,58.8,59
2011/2/24,59,59.55,59,59
2011/2/25,59.3,59.65,58.45,59.5
2011/3/1,59.7,60.05,59.5,59.95
2011/3/2,59.45,59.9,59.4,59.45
2011/3/3,59.55,60.3,59.5,60.2
2011/3/4,60.5,60.7,60.4,60.65
2011/3/7,60.5,60.5,60,60.2
2011/3/8,60.05,60.4,60.05,60.25
2011/3/9,60.55,60.65,60,60.2
2011/3/10,60.15,60.25,59.3,59.5
2011/3/11,59.05,59.05,58.4,58.85
2011/3/14,58.6,58.9,57.65,58.8
2011/3/15,58.7,58.7,55.6,57.5
2011/3/16,58,58.05,57.25,57.3
2011/3/17,56.8,57.3,56.5,57.3
2011/3/18,57.7,57.8,57.35,57.75
2011/3/21,57.9,58.5,57.8,58.1
2011/3/22,58.5,58.7,58.35,58.4
2011/3/23,58.4,58.65,58.15,58.5
2011/3/24,58.85,59,58.55,58.75
2011/3/25,59.05,59.65,59.05,59.35
2011/3/28,59.25,59.3,58.85,59.15
2011/3/29,58.9,59.3,58.75,59.25
2011/3/30,59.4,59.8,59.25,59.6
2011/3/31,59.5,59.7,59.1,59.55
2011/4/1,59.6,59.85,59.6,59.85
2011/4/6,60,61.4,60,61.15
2011/4/7,61.35,61.4,60.95,61.3
2011/4/8,61.25,61.5,61,61.1
2011/4/11,61.1,61.2,60.75,61.1
2011/4/12,60.8,60.8,59.85,60.05
2011/4/13,59.9,60.4,59.75,60.4
2011/4/14,60.45,60.7,60.05,60.35
2011/4/15,60.4,60.45,59.6,59.65
2011/4/18,59.75,59.95,59.45,59.55
2011/4/19,59.35,59.35,58.8,59.2
2011/4/20,59.5,60.35,59.5,60.3
2011/4/21,60.95,61.8,60.95,61.7
2011/4/22,61.8,61.8,61.45,61.6
2011/4/25,61.9,62,61.25,61.45
2011/4/26,60.9,61.35,60.7,61.2
2011/4/27,61.75,62.25,61.75,62.15
2011/4/28,62.25,62.5,62,62.15
2011/4/29,62,62.4,61.65,62
2011/5/3,62.2,62.3,61.5,62.15
2011/5/4,61.6,61.8,61.1,61.8
2011/5/5,61.4,62.35,61.3,62.25
2011/5/6,61.9,62.05,61.65,61.95
2011/5/9,62.1,62.6,61.9,62.3
2011/5/10,62.3,62.3,62.05,62.3
2011/5/11,62.5,62.5,61.95,62.05
2011/5/12,61.7,62.4,61.55,62.25
2011/5/13,62.25,62.25,61.9,62.05
2011/5/16,61.95,61.95,61.25,61.3
2011/5/17,61.2,61.45,60.95,61.25
2011/5/18,61.2,61.6,61.15,61.6
2011/5/19,61.6,62.1,61.05,61.05
2011/5/20,61.25,61.5,60.9,61.1
2011/5/23,60.8,60.8,60,60.35
2011/5/24,60.3,60.45,60.05,60.45
2011/5/25,60.1,60.4,59.8,60.25
2011/5/26,60.35,60.85,60.2,60.85
2011/5/27,60.65,61,60.5,60.6
2011/5/30,60.4,60.75,60,60.5
2011/5/31,60.8,62,60.8,62
2011/6/1,62,62.45,61.85,62.35
2011/6/2,62,62.15,61.8,61.9
2011/6/3,62,62.25,61.75,62.2
2011/6/7,61.9,62.25,61.55,62.2
2011/6/8,62.05,62.25,61.85,62
2011/6/9,61.8,62.1,61.8,62
2011/6/10,62.15,62.2,60.5,60.55
2011/6/13,60.25,60.25,59.6,59.75
2011/6/14,60,60.75,59.8,60.75
2011/6/15,60.7,60.7,59.8,60.5
2011/6/16,59.9,59.9,59.3,59.4
2011/6/17,59.6,59.7,59,59.2
2011/6/20,59.4,59.5,58.55,58.6
2011/6/21,59,59.2,58.65,59.05
2011/6/22,59.5,59.5,58.8,59.2
2011/6/23,58.95,59.1,58.6,58.65
2011/6/24,58.7,58.7,58,58.2
2011/6/27,57.5,57.85,57.2,57.8
2011/6/28,58.05,58.15,57.5,57.65
2011/6/29,58,58.75,57.9,58.65
2011/6/30,58.8,59,58.55,58.85
2011/7/1,59.2,59.8,59.2,59.7
2011/7/4,59.9,60.2,59.9,60.05
2011/7/5,60,60.1,59.75,59.95
2011/7/6,60,60.7,60,60.6
2011/7/7,60.7,60.7,60.15,60.35
2011/7/8,60.5,60.7,59.9,60.05
2011/7/11,59.85,59.95,59.4,59.65
2011/7/12,59.1,59.1,58.45,58.7
2011/7/13,58.65,59,58.45,58.7
2011/7/14,59,59.05,58.45,58.9
2011/7/15,59,59.25,58.7,59.2
2011/7/18,59.15,59.2,58.4,59
2011/7/19,58.85,59.05,58.65,58.9
2011/7/20,59.5,60.5,59.5,60.45
2011/7/21,60.45,60.6,60.35,60.6
2011/7/22,60.85,61.15,60.8,61
2011/7/25,60.5,60.85,60.2,60.4
2011/7/26,60.5,61.3,60.5,61.2
2011/7/27,61.2,61.45,61.05,61.35
2011/7/28,60.8,61,60.5,60.85
2011/7/29,60.75,60.9,59.9,59.9
2011/8/1,60.5,60.5,60.15,60.35
2011/8/2,59.9,59.9,59.4,59.55
2011/8/3,58.85,58.85,58.2,58.6
2011/8/4,58.6,58.85,57.8,57.85
2011/8/5,55.7,55.7,54.45,54.45
2011/8/8,54.3,54.65,51.4,53.5
2011/8/9,51,53.5,50.4,53
2011/8/10,53.95,54.25,53.4,54.1
2011/8/11,53.2,54.5,52.7,54.1
2011/8/12,54.7,54.85,53.4,53.55
2011/8/15,54.2,54.6,54.1,54.6
2011/8/16,54.8,55,54.1,54.35
2011/8/17,54.35,54.5,53.8,53.95
2011/8/18,53.4,53.45,52.65,52.95
2011/8/19,51.8,51.9,51.1,51.1
2011/8/22,51.3,52.45,51.05,51.5
2011/8/23,52.1,53.35,51.75,53.3
2011/8/24,53.4,53.4,52.1,52.6
2011/8/25,53.2,53.3,52.35,52.35
2011/8/26,52.8,53.25,52.6,53.05
2011/8/29,53.1,54.1,53.1,53.8
2011/8/30,54,54.4,53.85,54.2
2011/8/31,54.1,54.6,53.9,54.55
2011/9/1,55.05,56.1,55.05,55.15
2011/9/2,55.15,55.3,54.65,55.15
2011/9/5,53.95,53.95,53.4,53.6
2011/9/6,53.3,53.35,52.3,52.55
2011/9/7,53.35,53.6,52.9,53.55
2011/9/8,54,54.15,53.45,53.7
2011/9/9,53.55,54.75,53.55,54.15
2011/9/13,53.6,53.75,52.55,52.65
2011/9/14,53.15,53.2,51.3,51.6
2011/9/15,52.7,53.05,52.3,52.85
2011/9/16,53.5,54.15,53.5,54.1
2011/9/19,53.85,53.85,53.05,53.2
2011/9/20,53.35,53.7,52.5,53.4
2011/9/21,53.4,53.95,53,53.6
2011/9/22,52.6,52.6,51.85,52.1
2011/9/23,50.5,50.85,49.93,50.35
2011/9/26,50.25,50.3,49.3,49.32
2011/9/27,50.5,51.15,50.5,51.1
2011/9/28,51.2,51.3,50.9,51.15
2011/9/29,50.65,51.75,50.6,51.6
2011/9/30,51.45,51.9,51.25,51.65
2011/10/3,50.75,51,50.15,50.3
2011/10/4,49.9,50.75,49.5,50.75
2011/10/5,50.9,50.95,50.2,50.25
2011/10/6,51.15,51.55,51,51.25
2011/10/7,51.8,52.15,51.5,51.55
2011/10/11,52.75,53,52.7,53
2011/10/12,52.85,53.1,52.5,52.85
2011/10/13,53.2,53.2,52.65,52.8
2011/10/14,52.6,52.9,52.45,52.45
2011/10/17,53.1,53.45,52.8,53.1
2011/10/18,52.5,52.7,52.2,52.55
2011/10/19,52.6,52.75,52.3,52.35
2011/10/20,52.55,52.65,51.75,51.75
2011/10/21,51.8,51.95,51.55,51.95
2011/10/24,52.45,53.6,52.45,53.6
2011/10/25,53.65,53.7,53.45,53.6
2011/10/26,51.6,52.15,51.3,52.15
2011/10/27,52.15,52.3,51.75,52.25
2011/10/28,53.4,53.45,52.35,52.4
2011/10/31,52.8,52.95,52.1,52.2
2011/11/1,52.2,52.85,51.85,52.55
2011/11/2,51.6,52.5,51.45,52.4
2011/11/3,52,52,51.45,51.45
2011/11/4,52.2,52.6,52.1,52.3
2011/11/7,52.3,52.55,52.15,52.4
2011/11/8,52.4,52.85,52.15,52.15
2011/11/9,52.5,52.6,52.1,52.2
2011/11/10,51.25,51.25,50.2,50.55
2011/11/11,50.65,51.05,50.5,50.9
2011/11/14,51.75,52.25,51.75,52.15
2011/11/15,52.05,52.1,51.75,51.85
2011/11/16,52.15,52.3,51.1,51.2
2011/11/17,50.9,51.35,50.5,51.35
2011/11/18,50.7,50.8,50.25,50.3
2011/11/21,49.9,49.9,49.12,49.23
2011/11/22,49.23,49.47,48.83,49.02
2011/11/23,48.8,48.86,47.7,47.85
2011/11/24,47.8,48.03,47.28,47.86
2011/11/25,48.24,48.46,47.05,47.44
2011/11/28,48.08,48.3,47.85,48.29
2011/11/29,48.75,48.75,48.2,48.72
2011/11/30,48.5,48.53,47.75,48.08
2011/12/1,49.6,50.6,49.6,50.3
2011/12/2,50.1,50.25,49.6,49.82
2011/12/5,49.82,49.82,49.2,49.66
2011/12/6,49.5,49.5,48.67,48.69
2011/12/7,49,49.33,49,49.2
2011/12/8,49.01,49.01,48.4,48.86
2011/12/9,48,48.63,48,48.24
2011/12/12,48.94,49.09,48.63,48.8
2011/12/13,48.37,48.78,48.17,48.55
2011/12/14,48.54,48.6,48.17,48.59
2011/12/15,48.01,48.01,47.5,47.5
2011/12/16,47.65,47.81,47.45,47.7
2011/12/19,47.4,47.4,46.61,46.74
2011/12/20,47.05,47.27,46.91,47
2011/12/21,48.55,49.3,48.55,49.28
2011/12/22,49.27,49.32,48.99,49.16
2011/12/23,49.89,50.25,49.79,50
2011/12/26,50,50.05,49.8,49.95
2011/12/27,49.85,50,49.62,49.85
2011/12/28,49.75,49.87,49.52,49.57
2011/12/29,49.5,49.72,49.22,49.61
2011/12/30,50,50.15,49.59,49.81
2012/1/2,49.45,49.6,48.94,49.06
2012/1/3,49.5,49.95,49.4,49.7
2012/1/4,49.9,50.15,49.78,50
2012/1/5,50.1,50.15,49.91,50.15
2012/1/6,50.1,50.25,49.85,50
2012/1/9,49.9,49.95,49.63,49.81
2012/1/10,50.2,50.7,50.2,50.7
2012/1/11,50.7,50.8,50.6,50.65
2012/1/12,50.7,50.85,50.5,50.75
2012/1/13,51.15,51.25,50.75,50.85
2012/1/16,51.05,51.1,49.75,50.05
2012/1/17,50.35,50.6,50.1,50.55
2012/1/18,50.55,50.75,50.3,50.4
2012/1/30,51.4,52.3,51.4,51.8
2012/1/31,52,52.4,51.75,51.95
2012/2/1,52.2,52.5,52,52.3
2012/2/2,52.7,52.95,52.5,52.9
2012/2/3,52.95,53.05,52.75,53.05
2012/2/4,53.35,53.8,53.35,53.65
2012/2/6,53.5,53.5,53.15,53.2
2012/2/7,53.3,53.6,53.05,53.3
2012/2/8,53.5,54.45,53.5,54.45
2012/2/9,54.05,54.4,53.9,54.4
2012/2/10,54.25,54.55,53.95,53.95
2012/2/13,54,54.35,53.75,54.2
2012/2/14,54.05,54.25,53.6,54
2012/2/15,54.3,55,54.2,54.9
2012/2/16,54.65,54.85,54.2,54.25
2012/2/17,54.8,55.2,54.35,54.75
2012/2/20,54.8,55.05,54.5,54.7
2012/2/21,54.5,54.75,54,54.5
2012/2/22,54.3,55.1,54.2,54.85
2012/2/23,54.55,54.75,54.4,54.6
2012/2/24,54.6,54.85,54.25,54.75
2012/2/29,55.25,56,55.25,56
2012/3/1,55.95,56.2,55.85,55.9
2012/3/2,56,56.1,55.55,55.6
2012/3/3,55.5,55.55,55.3,55.4
2012/3/5,55.3,55.35,54.8,54.85
2012/3/6,54.9,55.05,54.1,54.6
2012/3/7,54,54.5,54,54.4
2012/3/8,54.4,54.9,54.15,54.7
2012/3/9,54.7,55.05,54.45,54.95
2012/3/12,55,55,54.35,54.35
2012/3/13,54.6,55.3,54.6,55.1
2012/3/14,56.05,56.2,55.75,55.9
2012/3/15,55.75,55.9,55.5,55.65
2012/3/16,55.5,55.7,55.4,55.4
2012/3/19,55.45,55.65,54.8,55.25
2012/3/20,55.35,55.35,54.7,54.85
2012/3/21,54.85,55.2,54.8,54.85
2012/3/22,54.95,55.75,54.95,55.6
2012/3/23,55.45,55.6,55.3,55.45
2012/3/26,55,55.25,54.45,54.55
2012/3/27,54.8,55.25,54.75,55.25
2012/3/28,55.45,55.85,55.2,55.45
2012/3/29,55.2,55.2,54.35,54.7
2012/3/30,54.5,54.9,54.2,54.9
2012/4/2,54.9,54.9,54.5,54.7
2012/4/3,54.85,54.9,54.1,54.25
2012/4/5,53.45,53.8,53.05,53.65
2012/4/6,53.6,53.85,53.4,53.75
2012/4/9,53,53.5,52.7,53.1
2012/4/10,53.55,53.6,52.9,53.1
2012/4/11,52.7,53.45,52.7,53.3
2012/4/12,53.05,53.4,52.85,53.35
2012/4/13,53.8,54.05,53.65,53.95
2012/4/16,53.45,53.8,53.45,53.8
2012/4/17,53.9,53.9,52.9,52.9
2012/4/18,53.5,53.5,52.95,53
2012/4/19,53.05,53.2,52.5,53.05
2012/4/20,52.9,52.95,52.3,52.35
2012/4/23,52.3,52.4,51.85,52.3
2012/4/24,52.25,52.65,52.05,52.4
2012/4/25,52.6,52.8,52.45,52.7
2012/4/26,52.8,52.85,52.2,52.3
2012/4/27,52.6,53.05,52.1,52.2
2012/4/30,52.1,52.1,51.65,52.05
2012/5/2,52.25,53.35,52.2,53.35
2012/5/3,53.25,53.25,52.95,53.1
2012/5/4,52.8,53.3,52.65,53.2
2012/5/7,52.45,52.45,51.85,52.05
2012/5/8,52.2,52.25,51.9,52.05
2012/5/9,51.65,51.85,51.35,51.7
2012/5/10,51.6,52,51.55,51.7
2012/5/11,51.6,51.6,51.05,51.15
2012/5/14,51.3,51.3,50.95,51.2
2012/5/15,50.9,51.2,50.55,51.2
2012/5/16,51,51.1,50.1,50.2
2012/5/17,50.25,50.85,50.25,50.8
2012/5/18,50.05,50.25,49.62,49.67
2012/5/21,49.95,50.05,49.74,49.95
2012/5/22,50.35,50.4,50.05,50.4
2012/5/23,49.9,49.9,49.39,49.49
2012/5/24,49.55,49.69,49.15,49.38
2012/5/25,49.45,49.45,48.95,49.01
2012/5/28,49.01,49.47,48.85,49.47
2012/5/29,49.6,50.8,49.6,50.7
2012/5/30,50.35,50.35,49.83,50.1
2012/5/31,49.55,50.15,49.24,50.15
2012/6/1,49.85,49.85,49.1,49.15
2012/6/4,48.2,48.2,47.45,47.68
2012/6/5,48.42,48.45,48.04,48.3
2012/6/6,48.4,48.72,48.22,48.63
2012/6/7,49.1,49.12,48.63,48.74
2012/6/8,48.57,48.6,47.9,48
2012/6/11,48.86,49.07,48.65,48.99
2012/6/12,48.1,48.61,48.1,48.61
2012/6/13,48.61,48.83,48.46,48.71
2012/6/14,48.71,49,48.63,48.78
2012/6/15,48.78,49.4,48.68,49.4
2012/6/18,50.4,50.5,50,50.2
2012/6/19,50,50.1,49.86,49.91
2012/6/20,50.15,50.45,50.15,50.45
2012/6/21,50.2,50.3,49.88,50.15
2012/6/22,49.2,49.62,49.2,49.56
2012/6/25,49.04,49.29,49.03,49.2
2012/6/26,49,49.1,48.85,48.99
2012/6/27,48.88,49.5,48.86,49.45
2012/6/28,49.7,49.75,49.43,49.53
2012/6/29,49.48,50.3,49.35,50.2
2012/7/2,50.5,50.7,50.3,50.6
2012/7/3,50.8,51.5,50.75,51.2
2012/7/4,51.45,51.75,51.25,51.4
2012/7/5,51.45,51.65,51.25,51.3
2012/7/6,51.45,51.55,50.95,51
2012/7/9,50.8,51.05,50.65,50.95
2012/7/10,50.95,51,50.3,50.4
2012/7/11,50.3,50.55,50.15,50.55
2012/7/12,50.45,50.5,49.55,49.65
2012/7/13,49.5,49.7,49.35,49.5
2012/7/16,49.75,49.8,49.25,49.5
2012/7/17,49.5,50.05,49.4,49.85
2012/7/18,49.8,49.8,49.18,49.2
2012/7/19,49.7,50.3,49.66,50.2
2012/7/20,50.15,50.25,49.95,50.15
2012/7/23,49.65,49.7,49.04,49.25
2012/7/24,49.2,49.2,48.89,49.12
2012/7/25,48.82,49.21,48.51,48.86
2012/7/26,49.33,49.33,48.78,48.94
2012/7/27,49.5,49.95,49.35,49.92
2012/7/30,50,50.55,50,50.25
2012/7/31,50.5,51.1,50.1,51.1
2012/8/1,50.9,51.3,50.8,51.2
2012/8/3,50.75,50.9,50.55,50.9
2012/8/6,51.9,52,51.45,51.55
2012/8/7,51.6,51.65,51.4,51.6
2012/8/8,51.95,52.2,51.7,51.75
2012/8/9,52.1,52.9,52.1,52.85
2012/8/10,52.85,53.05,52.75,52.8
2012/8/13,53,53.25,52.95,53
2012/8/14,53.1,53.55,53,53.25
2012/8/15,53.2,53.4,52.95,53.05
2012/8/16,53.1,53.5,53,53.2
2012/8/17,53.35,53.35,52.95,52.95
2012/8/20,52.85,53.05,52.55,52.8
2012/8/21,52.95,53.8,52.95,53.4
2012/8/22,53.35,53.4,53,53.35
2012/8/23,53.2,53.5,53.15,53.3
2012/8/24,53,53.2,52.95,53.1
2012/8/27,53.45,53.55,53,53.2
2012/8/28,52.95,52.95,52.45,52.5
2012/8/29,52.4,52.8,52.4,52.7
2012/8/30,52.45,52.7,52.4,52.55
2012/8/31,52.5,52.85,52.45,52.75
2012/9/3,52.7,53.25,52.7,53.15
2012/9/4,53.15,53.3,53,53.05
2012/9/5,52.9,52.9,52.35,52.35
2012/9/6,52.3,52.5,51.9,52.15
2012/9/7,53.1,53.2,52.8,52.95
2012/9/10,52.95,53.35,52.9,53.35
2012/9/11,53.35,53.5,53.25,53.3
2012/9/12,53.75,54.15,53.75,54.05
2012/9/13,54.2,54.3,54.05,54.15
2012/9/14,54.8,55.6,54.8,55.5
2012/9/17,55.5,55.8,55.35,55.6
2012/9/18,55.5,55.6,55.25,55.4
2012/9/19,55.45,55.75,55.35,55.65
2012/9/20,55.55,55.65,55.1,55.25
2012/9/21,55.35,55.6,55.35,55.45
2012/9/24,55.3,55.7,54.95,55.5
2012/9/25,55.6,55.65,55.25,55.3
2012/9/26,54.9,55.15,54.75,54.9
2012/9/27,54.8,55.15,54.8,55.1
2012/9/28,55.25,55.35,54.8,55.15
2012/10/1,55,55.1,54.75,55
2012/10/2,55.1,55.35,54.95,55.25
2012/10/3,55.25,55.3,54.9,55
2012/10/4,55,55.1,54.5,55.05
2012/10/5,55,55.3,55,55.1
2012/10/8,55,55.05,54.55,54.65
2012/10/9,54.75,54.75,54.4,54.4
2012/10/11,53.7,53.7,53.2,53.3
2012/10/12,53.3,53.4,52.9,53.15
2012/10/15,53.05,53.25,53,53.25
2012/10/16,53.4,53.5,53.3,53.5
2012/10/17,53.9,53.9,53.3,53.4
2012/10/18,53.7,53.8,53.45,53.65
2012/10/19,53.6,53.6,53.05,53.25
2012/10/22,52.6,52.9,52.4,52.9
2012/10/23,52.9,53.1,52.65,52.9
2012/10/24,50.55,51,50.45,51
2012/10/25,50.95,50.95,50.45,50.5
2012/10/26,50.7,50.75,49.87,49.91
2012/10/29,49.99,50.2,49.87,50
2012/10/30,50.3,50.65,50.2,50.45
2012/10/31,50.7,50.7,50.2,50.4
2012/11/1,50.1,50.55,49.6,50.35
2012/11/2,50.7,50.7,50.5,50.7
2012/11/5,50.55,50.7,50.3,50.5
2012/11/6,50.65,50.95,50.4,50.9
2012/11/7,50.9,51.2,50.65,51.15
2012/11/8,50.6,50.75,50.5,50.75
2012/11/9,50.35,51.3,50.25,51.1
2012/11/12,51.3,51.3,50.85,50.9
2012/11/13,51,51,50,50.05
2012/11/14,49.95,50.25,49.82,50.15
2012/11/15,50,50.25,49.5,50
2012/11/16,49.95,50.35,49.78,49.94
2012/11/19,50.3,50.35,50.05,50.25
2012/11/20,50.7,50.7,50.25,50.35
2012/11/21,50.45,50.5,49.7,49.97
2012/11/22,50.3,50.35,50.1,50.2
2012/11/23,50.55,51.8,50.5,51.7
2012/11/26,51.8,52.3,51.8,52.2
2012/11/27,52.2,52.5,52,52.4
2012/11/28,52.4,52.5,52.2,52.45
2012/11/29,52.65,53.1,52.65,53.1
2012/11/30,53.1,53.7,53,53.55
2012/12/3,53.55,53.8,53.2,53.5
2012/12/4,53.05,53.45,53.05,53.45
2012/12/5,53.3,53.8,53.1,53.75
2012/12/6,53.75,53.75,53.45,53.6
2012/12/7,53.65,54.05,53.65,53.9
2012/12/10,53.9,54.05,53.5,53.7
2012/12/11,53.65,53.8,53.3,53.65
2012/12/12,53.8,54.3,53.8,54.1
2012/12/13,54.3,54.8,54.25,54.7
2012/12/14,54.6,54.6,54.2,54.2
2012/12/17,54.2,54.2,53.4,53.5
2012/12/18,53.75,53.75,53.4,53.55
2012/12/19,53.95,53.95,53.6,53.7
2012/12/20,53.35,53.5,53.05,53.05
2012/12/21,53.05,53.2,52.4,52.8
2012/12/22,52.6,53,52.6,52.95
2012/12/24,52.9,53.05,52.65,52.7
2012/12/25,52.75,53.7,52.75,53.6
2012/12/26,53.6,53.75,53.4,53.5
2012/12/27,53.2,53.6,53.2,53.45
2012/12/28,53.7,53.95,53.65,53.8
2013/1/2,54,54.65,53.9,54.4
2013/1/3,54.9,55.05,54.65,54.85
2013/1/4,54.85,54.85,54.4,54.5
2013/1/7,54.55,54.55,53.9,54.25
2013/1/8,54,54.2,53.65,53.9
2013/1/9,53.75,54.3,53.75,54.1
2013/1/10,54.3,54.65,54.15,54.5
2013/1/11,54.7,54.8,54.35,54.45
2013/1/14,54,54.5,53.8,54.5
2013/1/15,54.2,54.45,53.9,54
2013/1/16,54.05,54.05,53.7,53.7
2013/1/17,53.9,54.2,53.2,53.3
2013/1/18,53.95,53.95,53.7,53.95
2013/1/21,53.95,54.05,53.55,53.9
2013/1/22,54.3,54.3,53.7,54.05
2013/1/23,54.2,54.3,53.9,54
2013/1/24,53.75,53.9,53.25,53.7
2013/1/25,53.65,53.7,53.2,53.5
2013/1/28,53.7,53.95,53.65,53.75
2013/1/29,53.95,54.5,53.95,54.5
2013/1/30,54.5,54.75,54.45,54.6
2013/1/31,54.5,54.6,54.3,54.6
2013/2/1,54.7,54.85,54.6,54.8
2013/2/4,54.85,55.4,54.85,55.2
2013/2/5,54.9,55.1,54.9,55
2013/2/6,55.2,55.5,55.2,55.4
2013/2/18,55.5,55.9,55.45,55.6
2013/2/19,55.6,55.75,55.55,55.65
2013/2/20,55.9,56.2,55.9,56.1
2013/2/21,55.9,56.05,55.7,55.7
2013/2/22,55.6,55.85,55.35,55.5
2013/2/23,55.7,55.9,55.65,55.8
2013/2/25,55.8,55.8,55.55,55.7
2013/2/26,55.25,55.4,55.05,55.1
2013/2/27,55.05,55.2,54.95,55.2
2013/3/1,55.35,55.55,55.3,55.4
2013/3/4,55.4,55.45,54.7,54.75
2013/3/5,54.9,55.35,54.9,55.2
2013/3/6,55.7,55.75,55.2,55.45
2013/3/7,55.2,55.65,55.2,55.4
2013/3/8,55.6,55.9,55.6,55.8
2013/3/11,55.8,56.1,55.6,55.9
2013/3/12,55.9,56,55.55,55.55
2013/3/13,55.6,55.95,55.3,55.65
2013/3/14,55.5,55.6,55.35,55.6
2013/3/15,55.6,55.7,55.2,55.2
2013/3/18,55,55,54.3,54.5
2013/3/19,54.7,54.75,54.5,54.6
2013/3/20,54.35,54.55,54.15,54.25
2013/3/21,54.4,54.45,54.25,54.3
2013/3/22,54.2,54.35,54.15,54.15
2013/3/25,54.75,54.75,54.45,54.55
2013/3/26,54.55,54.6,54.45,54.55
2013/3/27,54.6,54.85,54.45,54.7
2013/3/28,54.7,54.75,54.4,54.55
2013/3/29,54.85,55.15,54.7,55.1
2013/4/1,55.1,55.2,54.95,55
2013/4/2,55,55.1,54.7,54.85
2013/4/3,55.1,55.15,54.9,55
2013/4/8,54.45,54.5,53.85,53.85
2013/4/9,54,54.05,53.6,53.7
2013/4/10,53.75,53.95,53.6,53.8
2013/4/11,53.95,54.4,53.95,54.35
2013/4/12,54.4,54.5,54.2,54.35
2013/4/15,54.25,54.35,53.75,53.9
2013/4/16,53.5,54,53.45,54
2013/4/17,54,54.1,53.85,53.9
2013/4/18,53.55,54.1,53.55,53.85
2013/4/19,54.25,55.5,54.25,55.45
2013/4/22,55.55,55.65,55.3,55.4
2013/4/23,55.4,55.4,54.95,55.1
2013/4/24,55.35,55.75,55.25,55.55
2013/4/25,55.45,55.75,55.4,55.65
2013/4/26,55.8,56.2,55.8,55.85
2013/4/29,55.9,56,55.75,55.8
2013/4/30,56.25,56.55,56.25,56.4
2013/5/2,56.35,56.65,56.35,56.55
2013/5/3,56.85,57,56.65,56.65
2013/5/6,57,57.15,56.9,56.9
2013/5/7,56.9,57.2,56.8,57.1
2013/5/8,57.2,58.1,57.2,57.85
2013/5/9,58.2,58.45,58.15,58.2
2013/5/10,58.1,58.15,57.85,57.9
2013/5/13,57.9,58,57.6,57.75
2013/5/14,58,58.25,57.75,57.9
2013/5/15,58.1,58.1,57.65,57.95
2013/5/16,58.5,58.9,58.4,58.7
2013/5/17,58.6,58.7,58.4,58.4
2013/5/20,58.3,58.5,58.1,58.3
2013/5/21,58.35,58.7,58.15,58.3
2013/5/22,58.65,58.7,58.2,58.25
2013/5/23,57.9,58,57,57
2013/5/24,57,57.2,56.6,56.85
2013/5/27,56.8,57.35,56.8,57.35
2013/5/28,57.4,57.45,57.15,57.15
2013/5/29,57.35,57.8,57.35,57.65
2013/5/30,57.4,57.45,56.85,56.95
2013/5/31,57.5,57.7,56.8,56.95
2013/6/3,56.45,56.75,56.25,56.7
2013/6/4,56.7,56.8,56.35,56.6
2013/6/5,56.55,56.75,56.35,56.6
2013/6/6,56.2,56.3,55.75,55.9
2013/6/7,55.95,56.15,55.9,56.05
2013/6/10,56.55,56.7,56.4,56.5
2013/6/11,56.55,56.65,56.25,56.35
2013/6/13,55.9,55.9,55,55
2013/6/14,55.15,55.15,54.7,54.8
2013/6/17,54.85,55.15,54.8,55.15
2013/6/18,55.15,55.4,54.85,55.4
2013/6/19,55.5,55.5,55.15,55.3
2013/6/20,55,55,54.2,54.25
2013/6/21,54.1,54.1,53.25,53.6
2013/6/24,53.4,53.5,53.1,53.4
2013/6/25,53.3,53.7,52.95,53
2013/6/26,53.6,53.8,53.3,53.7
2013/6/27,54.05,54.35,53.9,54.35
2013/6/28,54.4,55.1,54.3,55.1
2013/7/1,54.8,55.7,54.8,55.6
2013/7/2,55.65,55.75,55.45,55.5
2013/7/3,55.2,55.4,54.85,54.85
2013/7/4,54.9,55.15,54.8,54.95
2013/7/5,55.25,56.05,55.2,56.05
2013/7/8,56.05,56.05,54.95,55
2013/7/9,55,55.7,54.95,55.65
2013/7/10,55.75,56.3,55.65,55.8
2013/7/11,56.75,57.4,56.7,57.2
2013/7/12,57.2,57.4,57.1,57.35
2013/7/15,57.35,57.7,57.1,57.5
2013/7/16,57.5,57.6,57.35,57.5
2013/7/17,57.4,57.75,57.35,57.6
2013/7/18,57.6,57.65,57.1,57.2
2013/7/19,56.9,56.9,55.75,55.95
2013/7/22,56.15,56.4,56.1,56.15
2013/7/23,56.5,57.2,56.5,57.05
2013/7/24,56.8,57.15,56.8,56.9
2013/7/25,56.8,57.15,56.5,57
2013/7/26,57,57.4,56.7,56.9
2013/7/29,56.7,56.85,56.25,56.5
2013/7/30,56.75,57.15,56.5,56.95
2013/7/31,56.95,56.95,56.55,56.6
2013/8/1,56.55,56.65,56.05,56.2
2013/8/2,56.6,57,56.35,56.55
2013/8/5,56.5,56.8,56.25,56.7
2013/8/6,56.4,56.4,55.75,55.9
2013/8/7,55.55,55.55,55.1,55.1
2013/8/8,55,55.1,54.8,54.9
2013/8/9,54.9,55.1,54.65,54.85
2013/8/12,55,55.05,54.7,55
2013/8/13,55.35,55.55,55.3,55.55
2013/8/14,55.55,55.55,55.1,55.4
2013/8/15,54.85,55.05,54.5,55
2013/8/16,54.65,55.45,54.65,55.25
2013/8/19,55.05,55.1,54.85,55.1
2013/8/20,54.85,55.15,54.5,54.6
2013/8/22,54.3,54.35,53.85,54.15
2013/8/23,54.5,55,54.5,54.85
2013/8/26,55,55.2,54.75,55.1
2013/8/27,55,55,54.6,54.6
2013/8/28,54.35,54.75,54.3,54.75
2013/8/29,54.85,55.6,54.85,55.5
2013/8/30,55.6,55.85,55.4,55.85
2013/9/2,55.95,56.4,55.9,56.3
2013/9/3,56.6,56.7,56.4,56.65
2013/9/4,56.5,56.6,56.25,56.55
2013/9/5,56.7,56.95,56.55,56.9
2013/9/6,56.85,57.05,56.85,57
2013/9/9,57,57.3,56.7,57.2
2013/9/10,57.35,57.6,57.15,57.35
2013/9/11,57.5,57.5,57.1,57.5
2013/9/12,57.4,57.7,57.3,57.55
2013/9/13,57.5,57.6,57.1,57.1
2013/9/14,57.15,57.25,57.05,57.1
2013/9/16,57.45,57.95,57.45,57.8
2013/9/17,57.5,57.75,57.5,57.75
2013/9/18,57.9,58,57.55,57.55
2013/9/23,57.55,58.15,57.5,58
2013/9/24,58,58.1,57.75,58.05
2013/9/25,58,58,57.6,57.8
2013/9/26,57.7,57.8,57.2,57.25
2013/9/27,57.4,57.55,57.35,57.4
2013/9/30,57,57.3,56.75,57.15
2013/10/1,57,57.3,57,57.15
2013/10/2,57.5,57.5,57.25,57.35
2013/10/3,57.5,58.8,57.45,58.55
2013/10/4,58.5,58.55,58.25,58.45
2013/10/7,58.15,58.15,57.85,57.9
2013/10/8,57.85,58.45,57.8,58.35
2013/10/9,58.1,58.35,58,58.2
2013/10/11,58.85,58.95,58.4,58.45
2013/10/14,58.4,58.4,57.95,58
2013/10/15,58.45,58.6,58.3,58.5
2013/10/16,58.45,58.6,58.25,58.25
2013/10/17,58.65,58.85,58.45,58.55
2013/10/18,58.65,59.1,58.65,59.05
2013/10/21,59.05,59.15,58.85,59
2013/10/22,58.8,59.1,58.6,59
2013/10/23,59.1,59.1,58.6,58.7
2013/10/24,57.7,57.7,57.15,57.55
2013/10/25,57.35,57.35,56.85,57.1
2013/10/28,57.15,57.65,57.1,57.5
2013/10/29,57.45,57.8,57.3,57.75
2013/10/30,57.8,57.9,57.65,57.9
2013/10/31,57.85,58.05,57.6,57.9
2013/11/1,58,58.1,57.45,57.6
2013/11/4,57.4,57.4,57.1,57.35
2013/11/5,57.25,57.35,56.75,56.8
2013/11/6,56.8,56.9,56.6,56.8
2013/11/7,56.85,56.85,56.5,56.65
2013/11/8,56.6,56.65,56.35,56.45
2013/11/11,56.45,56.5,56.2,56.3
2013/11/12,56.6,56.6,56.2,56.5
2013/11/13,56.25,56.3,55.7,55.75
2013/11/14,56,56.1,55.65,55.9
2013/11/15,56.1,56.35,55.9,56.15
2013/11/18,56.35,56.5,56.2,56.45
2013/11/19,56.55,56.85,56.55,56.8
2013/11/20,56.65,56.7,56.35,56.45
2013/11/21,56.1,56.1,55.4,55.45
2013/11/22,55.5,55.7,55.5,55.5
2013/11/25,56.15,56.5,56.15,56.25
2013/11/26,56,56.9,56,56.7
2013/11/27,56.7,57.05,56.65,57
2013/11/28,57.35,57.45,57.2,57.35
2013/11/29,57.35,57.7,57.25,57.55
2013/12/2,57.6,57.7,57.35,57.45
2013/12/3,57.35,57.5,57.15,57.5
2013/12/4,57.25,57.65,57.2,57.45
2013/12/5,57.45,57.5,57,57.1
2013/12/6,57.05,57.4,56.9,57.15
2013/12/9,57.55,57.95,57.55,57.65
2013/12/10,57.55,57.9,57.55,57.8
2013/12/11,57.95,58.3,57.65,57.85
2013/12/12,57.6,57.6,57.2,57.4
2013/12/13,57.1,57.4,57.05,57.35
2013/12/16,57.25,57.25,56.7,56.9
2013/12/17,57.15,57.3,57.1,57.2
2013/12/18,57.2,57.2,56.85,57
2013/12/19,57.4,57.5,57.15,57.35
2013/12/20,57.35,57.55,57.2,57.45
2013/12/23,57.55,58,57.55,57.85
2013/12/24,57.85,57.9,57.7,57.8
2013/12/25,57.9,57.95,57.75,57.85
2013/12/26,57.85,57.95,57.8,57.85
2013/12/27,57.8,58.4,57.8,58.3
2013/12/30,58.35,58.95,58.35,58.8
2013/12/31,59.05,59.05,58.7,58.7
2014/1/2,58.7,58.75,58.35,58.55
2014/1/3,58.45,58.45,57.7,57.85
2014/1/6,57.75,57.95,57.55,57.7
2014/1/7,57.75,57.9,57.7,57.7
2014/1/8,57.7,57.95,57.7,57.8
2014/1/9,57.65,57.8,57.4,57.55
2014/1/10,57.5,57.65,57.5,57.55
2014/1/13,58,58.2,57.8,57.9
2014/1/14,57.7,57.85,57.6,57.8
2014/1/15,57.95,58.45,57.95,58.4
2014/1/16,58.5,58.75,58.5,58.55
2014/1/17,58.6,58.7,58.3,58.65
2014/1/20,58.4,58.8,58.4,58.8
2014/1/21,58.75,58.85,58.5,58.55
2014/1/22,58.45,58.65,58.35,58.65
2014/1/23,58.6,58.75,58.35,58.5
2014/1/24,58.3,58.8,58.3,58.65
2014/1/27,58.1,58.2,57.45,57.6
2014/2/5,56.4,56.4,55.6,55.8
2014/2/6,55.95,56.2,55.8,56
2014/2/7,56.4,56.7,56.3,56.6
2014/2/10,56.9,56.9,56.6,56.6
2014/2/11,56.6,56.95,56.6,56.95
2014/2/12,57.15,57.55,57.15,57.55
2014/2/13,57.45,57.55,57.35,57.4
2014/2/14,57.7,58.2,57.7,57.95
2014/2/17,58.1,58.25,57.95,57.95
2014/2/18,57.95,58.15,57.8,58.15
2014/2/19,58.1,58.2,58.05,58.15
2014/2/20,58.05,58.05,57.6,57.65
2014/2/21,58.4,58.45,58.2,58.2
2014/2/24,58.4,58.45,57.8,57.9
2014/2/25,58.25,58.25,57.95,58.15
2014/2/26,58,58.5,57.95,58.4
2014/2/27,58.3,58.45,58.3,58.3
2014/3/3,57.8,58.15,57.5,57.95
2014/3/4,57.9,58,57.7,57.7
2014/3/5,58.2,58.45,58.2,58.3
2014/3/6,58.35,59.2,58.35,59.15
2014/3/7,59.3,59.8,59.3,59.4
2014/3/10,59.3,59.4,58.95,59.05
2014/3/11,59.25,59.45,59.15,59.35
2014/3/12,58.85,59,58.75,58.8
2014/3/13,59.25,59.8,59.25,59.75
2014/3/14,59.15,59.3,59.1,59.15
2014/3/17,59.15,59.2,58.9,59.05
2014/3/18,59.4,59.5,59.2,59.4
2014/3/19,59.4,59.45,58.95,59.25
2014/3/20,58.7,58.7,58.3,58.5
2014/3/21,58.65,58.65,58.4,58.5
2014/3/24,58.45,58.65,58.25,58.65
2014/3/25,58.5,59.15,58.5,59.15
2014/3/26,59.45,59.7,59.35,59.7
2014/3/27,59.5,59.85,59.45,59.8
2014/3/28,59.85,60.1,59.8,59.9
2014/3/31,60.05,60.15,59.9,60.1
2014/4/1,60.25,60.6,60.2,60.6
2014/4/2,60.8,61.15,60.8,60.8
2014/4/3,60.8,60.95,60.65,60.65
2014/4/7,60.4,60.5,60.3,60.5
2014/4/8,60.45,60.9,60.45,60.8
2014/4/9,60.8,61.1,60.8,61
2014/4/10,61.25,61.3,60.9,61.2
2014/4/11,60.8,61.15,60.8,61.15
2014/4/14,61.1,61.2,60.9,61.05
2014/4/15,61.2,61.45,61.2,61.35
2014/4/16,61.35,61.5,61.1,61.3
2014/4/17,61.3,61.4,61.1,61.15
2014/4/18,61.75,61.9,61.5,61.55
2014/4/21,61.45,61.65,61.45,61.55
2014/4/22,61.55,61.95,61.55,61.75
2014/4/23,61.85,62.05,61.5,61.65
2014/4/24,61.7,61.8,61.6,61.75
2014/4/25,61.65,61.8,60.6,60.7
2014/4/28,60.3,61.5,60.3,61.25
2014/4/29,61.25,61.5,61.1,61.35
2014/4/30,61.4,61.45,60.8,61
2014/5/2,61.15,61.65,61.15,61.3
2014/5/5,61.55,61.6,61,61.2
2014/5/6,61.5,61.75,61.1,61.55
2014/5/7,61.5,61.6,61.2,61.4
2014/5/8,61.6,61.85,61.4,61.85
2014/5/9,61.7,61.85,61.45,61.45
2014/5/12,61.5,61.5,61.1,61.15
2014/5/13,61.6,61.75,61.35,61.45
2014/5/14,61.6,61.8,61.45,61.8
2014/5/15,61.75,61.85,61.55,61.75
2014/5/16,61.65,61.85,61.4,61.85
2014/5/19,61.85,62,61.8,61.85
2014/5/20,61.9,62.3,61.9,62.1
2014/5/21,62,62.2,61.75,61.8
2014/5/22,62,62.65,61.95,62.65
2014/5/23,62.85,62.9,62.65,62.75
2014/5/26,62.85,63.1,62.85,63.05
2014/5/27,63.05,63.2,62.95,63.1
2014/5/28,63.15,63.8,63.15,63.7
2014/5/29,63.7,63.7,63.4,63.4
2014/5/30,63.4,63.45,63.1,63.1
2014/6/3,63.15,63.45,62.8,63.15
2014/6/4,63.4,63.55,63.3,63.4
2014/6/5,63.3,63.4,63.1,63.4
2014/6/6,63.65,63.75,63.4,63.55
2014/6/9,63.6,63.85,63.6,63.8
2014/6/10,63.85,64.3,63.85,64.2
2014/6/11,64.2,64.25,64.05,64.15
2014/6/12,64,64.1,63.9,64
2014/6/13,63.9,63.9,63.7,63.85
2014/6/16,63.85,64,63.6,63.9
2014/6/17,63.9,64.45,63.85,64.35
2014/6/18,64.4,64.8,64.3,64.5
2014/6/19,64.65,65.05,64.55,64.95
2014/6/20,64.95,65.1,64.7,64.75
2014/6/23,64.8,65,64.6,64.7
2014/6/24,64.85,65.05,64.7,64.8
2014/6/25,64.65,64.8,64.6,64.65
2014/6/26,64.75,65.4,64.75,65.35
2014/6/27,65.35,65.35,64.5,65.35
2014/6/30,65.3,66,65.2,65.95
2014/7/1,65.95,66.75,65.85,66.55
2014/7/2,66.8,67.55,66.65,67.1
2014/7/3,67.1,67.8,66.9,67.7
2014/7/4,67.8,67.9,67.35,67.7
2014/7/7,67.5,67.7,67.3,67.6
2014/7/8,67.8,67.9,67.6,67.75
2014/7/9,67.65,67.85,67.5,67.85
2014/7/10,67.8,68.45,67.8,68.35
2014/7/11,68.35,68.7,68.15,68.3
2014/7/14,68.25,68.8,68.25,68.7
2014/7/15,68.95,69.05,68.75,68.95
2014/7/16,68.95,69,68.1,68.35
2014/7/17,67.95,68,67.3,67.5
2014/7/18,67.05,67.6,67,67.5
2014/7/21,67.75,67.95,67.5,67.5
2014/7/22,67.7,68.2,67.5,68.1
2014/7/24,68.3,68.4,68.1,68.4
2014/7/25,68.4,68.4,67.45,67.65
2014/7/28,67.45,67.8,67.3,67.5
2014/7/29,67.75,67.95,67.2,67.45
2014/7/30,67.45,67.95,67.45,67.85
2014/7/31,67.85,67.85,66.6,66.75
2014/8/1,65.95,66.3,65.9,66.25
2014/8/4,66.2,66.7,66.1,66.6
2014/8/5,66.4,66.4,65.1,65.25
2014/8/6,65.3,65.75,65.05,65.7
2014/8/7,65.75,65.9,65.4,65.7
2014/8/8,65.45,65.7,65.05,65.7
2014/8/11,66,66.15,65.75,66.05
2014/8/12,66,66.3,65.85,66.1
2014/8/13,66.15,66.75,66.05,66.75
2014/8/14,67,67.25,66.95,67.1
2014/8/15,67.1,67.25,66.75,67.1
2014/8/18,67.1,67.1,66.6,66.9
2014/8/19,67.3,67.75,67,67.75
2014/8/20,67.7,68.05,67.7,68
2014/8/21,68,68.1,67.8,67.9
2014/8/22,68.1,68.95,68.1,68.75
2014/8/25,68.75,68.9,68.6,68.65
2014/8/26,68.6,68.8,68.55,68.6
2014/8/27,68.95,69.4,68.95,69.25
2014/8/28,69.25,69.45,69.2,69.35
2014/8/29,69.05,69.3,68.85,69.2
2014/9/1,69.25,69.95,69.25,69.8
2014/9/2,69.7,69.7,68.6,68.75
2014/9/3,68.9,69.45,68.85,69.25
2014/9/4,69,69.15,68.8,69
2014/9/5,69.3,69.3,68.65,69
2014/9/9,69.4,69.5,69.25,69.25
2014/9/10,68.95,68.95,68.05,68.65
2014/9/11,68.7,68.7,68.4,68.4
2014/9/12,68.4,68.4,67.6,67.75
2014/9/15,67.15,67.75,67.15,67.75
2014/9/16,67.65,67.65,67.15,67.2
2014/9/17,67.5,68.2,67.45,67.7
2014/9/18,67.7,68.05,67.6,67.85
2014/9/19,68.2,68.25,67.85,68
2014/9/22,67.35,67.35,66.55,66.95
2014/9/23,66.9,67,66.65,66.8
2014/9/24,66.55,66.8,66.3,66.55
2014/9/25,66.7,66.85,65.7,65.95
2014/9/26,65.5,65.85,65.25,65.6
2014/9/29,65.65,65.7,65.2,65.4
2014/9/30,65.3,65.65,64.65,65.3
2014/10/1,65.05,65.65,64.85,65.5
2014/10/2,65,65.75,64.9,65.5
2014/10/3,65.8,66.7,65.6,66.7
2014/10/6,66.65,66.7,66.15,66.65
2014/10/7,66.25,66.25,65.7,66.1
2014/10/8,65.8,66.05,65.7,65.7
2014/10/9,66.1,66.45,65.7,66
2014/10/13,64.15,64.55,63.8,64
2014/10/14,64,64.6,64,64.55
2014/10/15,64.45,64.8,63.95,64.1
2014/10/16,63.65,64.35,63.25,64
2014/10/17,64.25,64.4,63.35,63.35
2014/10/20,64.25,64.6,63.9,64.6
2014/10/21,64.4,64.55,64.2,64.3
2014/10/22,65.1,65.45,65,65.3
2014/10/23,65.3,65.3,65,65.05
2014/10/24,63.85,63.85,62.8,63.05
2014/10/27,63.4,63.45,63,63.25
2014/10/28,64,64.35,64,64.35
2014/10/29,64.6,65,64.5,65
2014/10/30,64.85,64.95,64.55,64.8
2014/10/31,65,65.3,64.7,65.3
2014/11/3,65.3,65.9,65.3,65.6
2014/11/4,65.75,66.05,65.55,65.65
2014/11/5,65.8,65.85,65.35,65.5
2014/11/6,65.55,65.7,64.95,65.1
2014/11/7,65,65.25,64.7,65.2
2014/11/10,65.4,66.3,65.25,66.15
2014/11/11,66.25,66.35,65.95,65.95
2014/11/12,65.75,65.85,64.9,65
2014/11/13,65,65.65,65,65.65
2014/11/14,65.3,65.8,65.3,65.7
2014/11/17,66.05,66.1,64.8,65.1
2014/11/18,65.3,65.6,64.8,64.9
2014/11/19,65.15,66.1,65.15,65.85
2014/11/20,66.05,66.7,66.05,66.6
2014/11/21,66.6,66.8,66.45,66.65
2014/11/24,66.9,67.2,66.75,66.8
2014/11/25,66.65,67.05,66.45,66.85
2014/11/26,66.75,66.9,66.65,66.85
2014/11/27,67.15,67.85,67.15,67.5
2014/11/28,67.55,67.7,67.35,67.5
2014/12/1,66.3,67.45,66.15,66.8
2014/12/2,66.35,66.5,65.65,65.8
2014/12/3,65.8,67,65.7,66.85
2014/12/4,67.25,67.45,67.1,67.1
2014/12/5,67.1,67.1,66.75,66.85
2014/12/8,67.05,67.05,66.35,66.35
2014/12/9,66.25,66.3,66,66.2
2014/12/10,65.95,66.15,65.15,65.3
2014/12/11,65.05,65.35,64.7,65.25
2014/12/12,65.25,65.5,65.15,65.3
2014/12/15,64.75,65.1,64.5,65.1
2014/12/16,64.8,65,64.55,64.55
2014/12/17,64.55,64.55,63.4,63.55
2014/12/18,63.95,64.1,63.65,63.7
2014/12/19,64.7,65.3,64.6,65.2
2014/12/22,65.35,66,65.3,66
2014/12/23,66.15,66.3,65.75,65.8
2014/12/24,65.9,66.4,65.85,66.3
2014/12/25,66.35,66.4,66.15,66.3
2014/12/26,66.35,66.5,66.2,66.45
2014/12/27,66.75,66.75,66.45,66.6
2014/12/29,66.6,67.3,66.55,67.2
2014/12/30,67.15,67.45,66.85,66.85
2014/12/31,66.8,67,66.6,66.85
2015/1/5,66.4,66.75,66,66.55
2015/1/6,65.75,65.75,64.75,64.9
2015/1/7,64.7,65.25,64.7,65
2015/1/8,65.5,66.6,65.5,66.5
2015/1/9,66.9,66.95,66.05,66.15
2015/1/12,65.8,66.15,65.65,65.75
2015/1/13,65.6,66.4,65.4,65.95
2015/1/14,66,66.05,65.4,65.6
2015/1/15,65.65,65.95,65.35,65.8
2015/1/16,66.25,66.4,65.35,65.5
2015/1/19,66.3,66.75,66.05,66.25
2015/1/20,66.5,66.9,66.35,66.75
2015/1/21,67.2,67.3,67,67.25
2015/1/22,67.5,67.9,67.45,67.6
2015/1/23,68.25,68.7,68.25,68.7
2015/1/26,68.55,68.85,68.45,68.7
2015/1/27,69,69.25,68.8,69.15
2015/1/28,68.8,69.2,68.8,69.15
2015/1/29,69.05,69.05,68.15,68.3
2015/1/30,68.6,68.6,68,68
2015/2/2,68.2,68.35,67.9,68.15
2015/2/3,68.35,68.85,68.1,68.65
2015/2/4,69.2,69.5,69.05,69.4
2015/2/5,69.05,69.25,68.8,69.1
2015/2/6,69.1,69.2,68.65,68.75
2015/2/9,68.75,68.75,68.25,68.5
2015/2/10,68.45,68.5,68.2,68.25
2015/2/11,68.7,69.25,68.7,69
2015/2/12,69,69.2,68.8,69
2015/2/13,69.35,69.65,69.35,69.45
2015/2/24,69.95,70.45,69.95,70.25
2015/2/25,70.7,70.9,70.55,70.8
2015/2/26,70.55,70.65,70.05,70.3
2015/3/2,70.3,70.55,69.75,70
2015/3/3,70.05,70.1,69.5,69.9
2015/3/4,69.55,70.05,69.5,69.95
2015/3/5,69.95,70,69.35,69.7
2015/3/6,69.55,69.9,69.3,69.8
2015/3/9,69.45,69.5,68.9,69.1
2015/3/10,69,69.05,68.6,68.95
2015/3/11,68.35,69.15,68.3,69.05
2015/3/12,68.85,69.65,68.8,69.65
2015/3/13,69.65,69.75,69.45,69.45
2015/3/16,69.35,69.35,68.85,68.9
2015/3/17,69.2,69.75,69,69.15
2015/3/18,69.2,70.15,69.2,69.9
2015/3/19,70.5,70.9,70.25,70.65
2015/3/20,70.65,70.65,70.4,70.55
2015/3/23,70.55,70.9,70.45,70.75
2015/3/24,70.55,70.85,70.35,70.5
2015/3/25,70.5,70.6,70.1,70.25
2015/3/26,69.4,69.7,69.15,69.4
2015/3/27,69.4,69.4,68.65,68.75
2015/3/30,68.75,68.9,68.55,68.8
2015/3/31,69,69.25,68.8,69.05
2015/4/1,68.7,68.85,68.5,68.65
2015/4/2,68.9,69.75,68.9,69.5
2015/4/7,69.55,69.7,69.35,69.6
2015/4/8,69.6,69.6,68.85,69
2015/4/9,69,69.85,68.95,69.1
2015/4/10,69.7,69.8,69.45,69.65
2015/4/13,69.9,69.95,69.65,69.85
2015/4/14,69.85,69.85,69.5,69.5
2015/4/15,69.25,69.5,68.4,68.65
2015/4/16,68.95,69.7,68.9,69.7
2015/4/17,69.55,69.55,68.9,69.05
2015/4/20,68.7,69.15,68.55,68.95
2015/4/21,69.05,69.3,68.85,68.95
2015/4/22,69.3,69.8,69.25,69.65
2015/4/23,70.2,71.5,70.15,71.5
2015/4/24,71.7,72.85,71.7,72.2
2015/4/27,73,73.3,72.6,72.75
2015/4/28,72.85,73.1,72.35,72.6
2015/4/29,72.5,72.7,71.6,71.8
2015/4/30,71.6,71.8,71.15,71.45
2015/5/4,71.45,71.65,70.85,71.6
2015/5/5,71.4,71.4,70.9,71.2
2015/5/6,70.8,71.4,70.5,71.3
2015/5/7,70.8,70.8,70.15,70.45
2015/5/8,70.45,70.65,70.45,70.5
2015/5/11,71,71.2,70.3,70.85
2015/5/12,70.6,70.85,70.55,70.7
2015/5/13,70.7,71.2,70.7,71.1
2015/5/14,70.85,70.95,70,70.1
2015/5/15,70.3,70.35,69.7,70
2015/5/18,70.05,70.3,70,70.25
2015/5/19,70.4,71.45,70.4,71.3
2015/5/20,71.25,71.25,70.8,70.8
2015/5/21,70.15,70.2,69.75,70.15
2015/5/22,70.2,70.95,70.2,70.7
2015/5/25,70.45,70.95,70.3,70.7
2015/5/26,71.2,71.6,70.8,71
2015/5/27,70.85,71.3,70.7,71.15
2015/5/28,71.75,71.9,71.25,71.5
2015/5/29,71.7,71.7,71.05,71.1
2015/6/1,71.1,71.15,70.25,70.5
2015/6/2,70.45,70.5,70,70.4
2015/6/3,70.3,70.4,69.9,69.95
2015/6/4,69.8,69.9,68.35,68.6
2015/6/5,68.5,68.6,68.2,68.45
2015/6/8,68.3,69.05,68,68.9
2015/6/9,68.5,68.6,68,68.35
2015/6/10,68.55,68.9,68.45,68.65
2015/6/11,68.8,68.9,68.4,68.85
2015/6/12,68.9,69,68.45,68.8
2015/6/15,68.8,69,68.5,68.65
2015/6/16,68.65,68.65,68.05,68.2
2015/6/17,68.2,68.75,68.2,68.5
2015/6/18,68.45,68.55,68.2,68.4
2015/6/22,68.75,69.4,68.75,69.35
2015/6/23,69.55,69.85,69.35,69.55
2015/6/24,69.6,69.7,69.4,69.65
2015/6/25,70,70.65,70,70.45
2015/6/26,70.45,70.45,70.15,70.45
2015/6/29,69.35,69.6,68.75,68.8
2015/6/30,68.8,69.4,68.8,69.4
2015/7/1,69.4,70.3,69.25,70.05
2015/7/2,70.2,70.25,69.85,70.1
2015/7/3,70,70.2,69.25,70.1
2015/7/6,69.55,70.05,69.2,69.3
2015/7/7,69.65,70.1,69.45,69.6
2015/7/8,69.2,69.2,67.45,67.5
2015/7/9,66.8,67.35,66.1,67.1
2015/7/13,68,68.1,67.2,68.1
2015/7/14,68.3,68.7,68.05,68.1
2015/7/15,68.3,68.65,68,68.25
2015/7/16,68.6,68.95,68.2,68.6
2015/7/17,68.35,68.65,68.3,68.5
2015/7/20,69,69.2,67.8,68
2015/7/21,68.35,68.65,68,68.65
2015/7/22,68.2,68.3,67.7,67.8
2015/7/23,67.5,67.85,66.85,67.15
2015/7/24,67.05,67.25,66.5,66.75
2015/7/27,66.4,66.55,65.55,65.8
2015/7/28,65.75,66.3,65.5,65.85
2015/7/29,65.9,65.9,65.1,65.4
2015/7/30,65.6,66.55,65.55,66.5
2015/7/31,66.5,66.55,65.8,66.15
2015/8/3,65.9,65.9,64.9,65.25
2015/8/4,65.5,66,65,65.3
2015/8/5,65.55,66,65.3,65.7
2015/8/6,66,66.05,64.55,65
2015/8/7,64.5,65,64.2,64.7
2015/8/10,64.6,64.75,64,64.55
2015/8/11,65.3,65.8,64.4,64.55
2015/8/12,64.25,64.45,63,63.45
2015/8/13,63.45,63.9,63.35,63.55
2015/8/14,63.45,63.75,63.15,63.3
2015/8/17,63.3,63.3,62.7,62.9
2015/8/18,63,63.3,62.45,62.55
2015/8/19,62.4,62.5,61.3,61.6
2015/8/20,61.25,61.85,60.95,61.4
2015/8/21,60.6,60.75,59.8,59.8
2015/8/24,59.1,59.1,55.4,57.5
2015/8/25,57.5,60,57.5,60
2015/8/26,59.3,60.5,58.65,60.35
2015/8/27,60.6,60.65,60,60.15
2015/8/28,61,61.9,61,61.8
2015/8/31,61.3,62.35,61.2,62.3
2015/9/1,61.9,62.6,61.5,61.75
2015/9/2,61.1,62.3,60.95,62.1
2015/9/3,62.35,62.4,61.6,62.15
2015/9/4,62.15,62.55,61.35,61.35
2015/9/7,61.3,62.3,61.1,61.25
2015/9/8,61.5,61.65,61.1,61.45
2015/9/9,62.65,64.15,62.65,64.15
2015/9/10,63.8,63.8,63.15,63.45
2015/9/11,63.3,63.7,63.05,63.5
2015/9/14,63.9,64,63.25,63.65
2015/9/15,63.75,63.85,63.05,63.15
2015/9/16,63.65,64,63.4,63.9
2015/9/17,64.5,65.15,64.5,65
2015/9/18,65,65,64.55,64.85
2015/9/21,64.05,64.1,63.2,63.45
2015/9/22,63.55,63.95,63.55,63.8
2015/9/23,63.2,63.2,62.2,62.35
2015/9/24,62.55,62.85,61.9,62
2015/9/25,62.15,62.35,61.6,62.25
2015/9/30,61.45,62.6,61.45,62.4
2015/10/1,62.6,63.7,62.2,63.6
2015/10/2,63.35,63.6,63.1,63.25
2015/10/5,63.8,64,63.25,63.4
2015/10/6,64.15,64.7,63.85,63.9
2015/10/7,63.9,64.85,63.9,64.85
2015/10/8,65.1,65.3,64.6,64.7
2015/10/12,65.05,65.9,65.05,65.55
2015/10/13,65.6,65.65,65.15,65.3
2015/10/14,65.3,65.3,64.95,65.05
2015/10/15,65.65,66.35,65.65,66
2015/10/16,65.95,66,65.6,65.75
2015/10/19,66,66.2,65.7,65.95
2015/10/20,66,66.1,65.8,65.95
2015/10/21,66.1,66.15,65.4,65.5
2015/10/22,65.3,65.6,65.25,65.5
2015/10/23,66.2,66.5,65.85,65.9
2015/10/26,64.5,64.85,64.45,64.55
2015/10/27,64.5,64.55,63.95,64.2
2015/10/28,64.2,64.25,63.6,63.75
2015/10/29,64.1,64.3,63.1,63.3
2015/10/30,63.3,63.45,62.8,63.2
2015/11/2,63.1,63.4,62.6,63.3
2015/11/3,63.8,64.4,63.8,64.3
2015/11/4,64.75,65.6,64.7,65.55
2015/11/5,65.65,65.65,65.25,65.4
2015/11/6,65.4,65.4,63.65,64.1
2015/11/9,64,64.35,63.6,63.65
2015/11/10,63.3,63.4,62.85,62.9
2015/11/11,62.9,63,61.95,62.15
2015/11/12,62.2,62.4,61.85,62.25
2015/11/13,61.8,62.45,61.55,61.6
2015/11/16,61.2,61.3,60.6,61.15
2015/11/17,62,62.6,62,62.35
2015/11/18,62.35,62.35,61.2,61.4
2015/11/19,61.95,62.3,61.55,62.3
2015/11/20,62.35,62.5,62.05,62.3
2015/11/23,62.6,62.75,62.15,62.6
2015/11/24,62.5,62.65,61.85,61.95
2015/11/25,61.85,62.1,61.5,61.95
2015/11/26,62.3,62.95,62.3,62.8
2015/11/27,62.9,62.9,61.8,61.95
2015/11/30,60.9,61.2,60.45,61.2
2015/12/1,61.7,62.45,61.45,62.4
2015/12/2,62.45,62.75,62.15,62.3
2015/12/3,61.9,62.55,61.7,62.4
2015/12/4,61.95,61.95,61.4,61.75
2015/12/7,62.2,63,62.2,62.5
2015/12/8,62.25,62.3,61.2,61.5
2015/12/9,61.2,61.35,60.7,60.75
2015/12/10,60.4,60.75,59.75,60.55
2015/12/11,60.55,60.7,59.8,59.85
2015/12/14,59.25,59.65,59,59.4
2015/12/15,59.7,60.05,59.35,59.45
2015/12/16,60,60.4,59.7,60.35
2015/12/17,60.55,61.05,60.35,61.05
2015/12/18,60.85,61.25,60.5,60.75
2015/12/21,60.05,60.75,59.9,60.65
2015/12/22,60.7,60.9,60.4,60.8
2015/12/23,60.95,61.3,60.8,60.9
2015/12/24,61.35,61.65,61.2,61.2
2015/12/25,61.2,61.6,61.2,61.6
2015/12/28,61.7,61.7,61.4,61.45
2015/12/29,61.4,61.4,60.8,61
2015/12/30,61.15,61.15,60.45,60.55
2015/12/31,60.55,60.95,60.5,60.75
2016/1/4,60.8,60.95,59.05,59.55
2016/1/5,59.5,59.75,58.85,59.05
2016/1/6,59.05,59.05,57.9,58.45
2016/1/7,58.3,58.3,56.7,57.35
2016/1/8,57,57.7,56.85,57.45
2016/1/11,56.9,56.95,56,56.55
2016/1/12,56.8,57,56.3,56.5
2016/1/13,57,57.5,56.75,57.15
2016/1/14,56.5,56.7,55.85,56.7
2016/1/15,57.1,57.5,56.25,56.7
2016/1/18,55.9,57.3,55.8,57.1
2016/1/19,57,57.25,56.65,57.25
2016/1/20,56.85,56.85,55.6,55.9
2016/1/21,56.1,56.3,55.6,55.8
2016/1/22,56.35,56.6,56,56.55
2016/1/25,57,57.8,57,57.55
2016/1/26,57,57.15,56.7,57
2016/1/27,57.4,57.45,56.95,57.25
2016/1/28,57.15,57.75,57,57.55
2016/1/29,57.5,59.1,57.25,59
2016/1/30,59.45,59.7,59.2,59.55
2016/2/1,59.5,59.6,59.1,59.55
2016/2/2,59.45,59.55,59,59.35
2016/2/3,59,59.25,58.6,58.95
2016/2/15,58.3,59.1,58.1,59
2016/2/16,59.1,60.35,59.1,60.25
2016/2/17,60.4,60.5,59.95,59.95
2016/2/18,60.8,61.15,60.5,60.9
2016/2/19,60.8,61.05,60.6,60.85
2016/2/22,60.85,61.6,60.55,60.8
2016/2/23,61,61.15,60.7,60.85
2016/2/24,60.8,61.3,60.2,60.3
2016/2/25,60.6,61.35,60.5,61.1
2016/2/26,61.35,61.7,60.9,61.25
2016/3/1,61.25,61.95,61.1,61.85
2016/3/2,62.35,62.75,62.25,62.35
2016/3/3,62.35,63.3,62.35,62.95
2016/3/4,62.9,63.3,62.75,63.1
2016/3/7,63.2,63.7,62.9,63.1
2016/3/8,63,63.1,62.5,63.05
2016/3/9,63.05,63.15,62.65,63.1
2016/3/10,63.05,63.4,62.85,63.25
2016/3/11,63.2,63.75,63.05,63.55
2016/3/14,64,64.25,63.95,64
2016/3/15,64,64.1,63,63.05
2016/3/16,63.35,63.75,63.35,63.6
2016/3/17,64.55,64.9,64.05,64.3
2016/3/18,64.4,64.85,64.3,64.7
2016/3/21,64.9,65.05,64.2,64.6
2016/3/22,64.35,64.55,63.85,64.4
2016/3/23,64.4,64.85,64.25,64.35
2016/3/24,64.25,64.5,63.7,64.35
2016/3/25,64.5,64.5,63.95,64.05
2016/3/28,64.05,64.4,63.8,64.1
2016/3/29,64,64.3,63.5,63.65
2016/3/30,64.05,64.9,64,64.7
2016/3/31,65.1,65.4,64.45,64.65
2016/4/1,64.25,64.35,63.6,63.9
2016/4/6,63.3,63.3,62.35,62.4
2016/4/7,62.5,62.5,61.6,62.15
2016/4/8,61.8,62.8,61.8,62.75
2016/4/11,62.5,63.1,62.15,63
2016/4/12,63.05,63.5,62.75,62.95
2016/4/13,63.25,64.2,63.25,64.05
2016/4/14,64.4,64.6,64.1,64.25
2016/4/15,63.8,64.3,63.55,64.25
2016/4/18,64.05,64.2,63.85,63.85
2016/4/19,64.3,64.65,63.5,63.6
2016/4/20,63.5,64.1,62.55,62.65
2016/4/21,62.9,63.15,62.55,62.95
2016/4/22,62.95,63.4,62.8,63.2
2016/4/25,63.2,63.35,62.9,63.25
2016/4/26,63.1,63.9,63.1,63.5
2016/4/27,63.2,63.6,63,63.4
2016/4/28,63.5,63.55,62.15,62.4
2016/4/29,61.85,62,61.35,61.6
2016/5/3,61.6,61.6,60.7,60.75
2016/5/4,60.75,60.85,59.8,60.1
2016/5/5,60.1,60.25,59.65,60.2
2016/5/6,60,60,59.45,59.7
2016/5/9,59.9,60,59.4,59.7
2016/5/10,59.7,60.2,59.4,60
2016/5/11,60.2,60.3,59.55,59.85
2016/5/12,59.7,60,59.65,59.8
2016/5/13,59.55,59.55,59,59.15
2016/5/16,59.15,59.7,59.1,59.6
2016/5/17,59.65,60.1,59.25,60.05
2016/5/18,59.7,60,59.25,59.95
2016/5/19,60,60.05,59.3,59.65
2016/5/20,59.85,60.3,59.6,60
2016/5/23,60.1,62,59.85,62
2016/5/24,61.75,61.85,61.35,61.35
2016/5/25,61.75,62.25,61.75,62
2016/5/26,62.05,62.15,61.8,62.15
2016/5/27,62.4,62.65,62.2,62.6
2016/5/30,62.6,63.35,62.5,63.15
2016/5/31,63.05,63.35,62.8,63.15
2016/6/1,62.95,63.85,62.95,63.7
2016/6/2,63.7,64.05,63.4,63.7
2016/6/3,63.6,64,63.6,63.85
2016/6/4,63.75,64,63.7,63.95
2016/6/6,64,64.6,63.65,64.05
2016/6/7,64.3,64.95,64.3,64.9
2016/6/8,65,65.55,65,65.25
2016/6/13,64.3,64.45,63.7,63.75
2016/6/14,63.5,64.2,63.5,64.15
2016/6/15,64.15,64.4,63.6,64.25
2016/6/16,64.1,64.1,63,63.35
2016/6/17,63.85,64.4,63.85,64.05
2016/6/20,64.5,64.65,64.35,64.5
2016/6/21,64.5,64.95,64.45,64.75
2016/6/22,64.75,64.95,64.55,64.95
2016/6/23,64.8,64.85,64.55,64.8
2016/6/24,64.75,64.9,62.05,63.1
2016/6/27,63.2,63.75,63,63.75
2016/6/28,63.1,64.05,63.05,64
2016/6/29,64.15,65,64.15,64.7
2016/6/30,65.15,65.45,64.65,65.45
2016/7/1,65.85,66.4,65.65,66.25
2016/7/4,66.1,66.75,66,66.3
2016/7/5,66.2,66.25,65.85,66.1
2016/7/6,65.6,65.6,64.7,64.9
2016/7/7,65.45,65.75,65.35,65.7
2016/7/11,66.7,67.25,66.7,67
2016/7/12,67.15,67.6,67.15,67.6
2016/7/13,67.85,67.9,67.1,67.65
2016/7/14,67.5,67.85,67.3,67.7
2016/7/15,67.8,68.5,67.8,68.5
2016/7/18,68.45,69.15,68.45,69.15
2016/7/19,69.2,69.3,68.8,69.25
2016/7/20,69,69.3,68.8,69.2
2016/7/21,69.45,69.9,69.35,69.55
2016/7/22,69.55,69.7,69.2,69.3
2016/7/25,69.5,69.95,68.35,69
2016/7/26,69,69.4,68.85,69.4
2016/7/27,69.65,69.95,69.5,69.7
2016/7/28,69,69.25,68.6,69.05
2016/7/29,68.85,69.2,68.55,68.55
2016/8/1,68.8,69.45,68.8,69.3
2016/8/2,69.25,69.4,69.1,69.3
2016/8/3,68.5,68.9,68.05,68.75
2016/8/4,68.85,68.95,68.35,68.9
2016/8/5,69.1,69.75,68.9,69.6
2016/8/8,70,70.25,69.7,70.05
2016/8/9,70,70.45,69.95,70.4
2016/8/10,70.3,70.6,70.05,70.6
2016/8/11,70.2,70.55,69.45,69.95
2016/8/12,70.15,70.5,70.05,70.2
2016/8/15,70.2,70.5,69.9,70.35
2016/8/16,70.3,70.5,69.7,69.95
2016/8/17,69.9,70.1,69.75,70.05
2016/8/18,70,70.15,69.8,69.9
2016/8/19,69.9,70.45,69.2,69.2
2016/8/22,69,69.15,68.45,68.7
2016/8/23,68.9,69.6,68.9,69.4
2016/8/24,69.35,69.55,69.2,69.2
2016/8/25,69.3,70.15,69.3,70
2016/8/26,69.95,70.3,69.8,70.1
2016/8/29,69.9,70.15,69.2,70.05
2016/8/30,70,70.25,69.8,70
2016/8/31,69.85,70.05,69.3,69.4
2016/9/1,69.3,69.3,68.6,69.05
2016/9/2,69.1,69.3,68.8,69.15
2016/9/5,69.8,70.3,69.8,70.3
2016/9/6,70.25,70.9,70.25,70.85
2016/9/7,70.95,71.9,70.95,71.85
2016/9/8,71.8,71.8,71.4,71.6
2016/9/9,70.9,70.9,70.35,70.4
2016/9/10,69.15,69.6,69,69.4
2016/9/12,69.35,69.35,68.7,68.85
2016/9/13,69.1,69.2,68.2,68.85
2016/9/14,68.5,69.05,68.45,68.45
2016/9/19,69.4,71,69.4,71
2016/9/20,70.9,71,70.6,70.9
2016/9/21,70.75,71.35,70.55,71.25
2016/9/22,71.9,72,71.25,71.4
2016/9/23,71.5,71.9,71.4,71.9
2016/9/26,71.5,71.5,71,71
2016/9/29,71.85,72.15,71.4,71.9
2016/9/30,71.15,71.35,70.8,70.95
2016/10/3,71.2,71.6,71.1,71.45
2016/10/4,71.45,71.75,71.3,71.75
2016/10/5,71.6,71.85,71.45,71.5
2016/10/6,71.7,71.75,71.45,71.7
2016/10/7,71.6,71.8,71.6,71.65
2016/10/11,72.35,72.45,71.2,71.45
2016/10/12,71.5,72.3,71.35,72.25
2016/10/13,72.2,72.3,71.45,71.7
2016/10/14,71.3,71.9,71.3,71.45
2016/10/17,71.45,71.6,70.6,71.45
2016/10/18,71.5,71.95,71.3,71.95
2016/10/19,72,72.6,72,72.35
2016/10/20,72.35,72.75,72.35,72.65
2016/10/21,72.65,73.05,72.55,72.6
2016/10/24,72.85,72.95,72.6,72.7
2016/10/25,72.85,73.5,72.85,73.4
2016/10/26,73,73.15,72.9,73
2016/10/27,73,73.15,72.4,72.6
2016/10/28,72.6,72.75,72.45,72.6
2016/10/31,72.25,72.7,71.7,72.6
2016/11/1,72.25,72.6,72.1,72.6
2016/11/2,71.95,72,71.6,71.75
2016/11/3,71.45,71.6,71.1,71.2
2016/11/4,71,71.2,70.85,71
2016/11/7,71.8,72,71.45,72
2016/11/8,72.15,72.4,72,72.35
2016/11/9,72.85,73.05,70,70
2016/11/10,71.8,72.1,71.75,72
2016/11/11,70.35,70.7,69.95,70.05
2016/11/14,69.95,70.3,69.45,70.1
2016/11/15,69.8,70.1,69.75,69.9
2016/11/16,70.2,70.5,69.95,70
2016/11/17,70,70.2,69.75,70.2
2016/11/18,70.1,70.4,69.9,70.4
2016/11/21,70.3,70.5,70.1,70.5
2016/11/22,70.75,71.65,70.75,71.45
2016/11/23,71.5,71.9,71.45,71.8
2016/11/24,71.6,71.6,71.2,71.4
2016/11/25,71.35,71.65,71.25,71.35
2016/11/28,71.35,72,71.35,71.75
2016/11/29,71.9,72,71.65,71.65
2016/11/30,71.7,71.9,71.5,71.7
2016/12/1,71.6,72.1,71.6,72
2016/12/2,71.2,71.2,70.9,71.2
2016/12/5,71.2,71.2,70.8,71.1
2016/12/6,71.8,72.2,71.75,72
2016/12/7,72.2,72.35,71.9,72
2016/12/8,72.3,73,72.3,72.9
2016/12/9,73.05,73.2,72.95,73.15
2016/12/12,73.3,73.55,72.75,72.85
2016/12/13,72.85,73,72.65,72.95
2016/12/14,73.2,73.3,72.9,73.1
2016/12/15,72.55,73,72.4,73
2016/12/16,72.8,72.8,72.3,72.3
2016/12/19,72.25,72.3,71.85,71.85
2016/12/20,71.95,71.95,71.55,71.75
2016/12/21,71.75,71.85,71.5,71.7
2016/12/22,71.55,71.55,70.8,70.8
2016/12/23,70.6,70.85,70.35,70.55
2016/12/26,70.65,70.8,70.55,70.8
2016/12/27,70.8,70.9,70.65,70.75
2016/12/28,70.85,71.6,70.85,71.6
2016/12/29,71.45,71.45,71.2,71.25
2016/12/30,71.65,72,71.55,71.8
2017/1/3,71.7,71.9,71.5,71.9
2017/1/4,72,72.1,71.75,71.85
2017/1/5,71.85,72.5,71.8,72.5
2017/1/6,72.45,72.75,72.45,72.65
2017/1/9,72.75,72.95,72.3,72.45
2017/1/10,72.45,72.6,72.4,72.4
2017/1/11,72.8,72.85,72.4,72.4
2017/1/12,72.6,73.3,72.6,73.15
2017/1/13,72.8,72.8,72.6,72.6
2017/1/16,72.4,72.4,71.8,72
2017/1/17,72,72.4,72,72.3
2017/1/18,72.2,72.2,72.05,72.15
2017/1/19,71.85,72.1,71.6,71.95
2017/1/20,71.95,72.25,71.95,72.15
2017/1/23,72.55,73,72.55,72.75
2017/1/24,73,73.3,72.9,73.3
2017/2/2,73.5,73.65,72.75,72.9
2017/2/3,72.95,73.15,72.65,72.85
2017/2/6,73,73.4,72.95,73.25
2017/2/7,73.1,73.45,73.1,73.3
2017/2/8,71.9,71.9,71.35,71.75
2017/2/9,71.75,72.2,71.65,72
2017/2/10,72.1,72.95,72.1,72.8
2017/2/13,72.8,73.1,72.8,72.95
2017/2/14,73.4,73.5,73.1,73.2
2017/2/15,73.3,73.9,73.2,73.9
2017/2/16,74,74.2,73.35,73.45
2017/2/17,73.65,73.7,73.35,73.35
2017/2/18,73.3,73.55,73.2,73.5
2017/2/20,73.55,73.65,73.1,73.1
2017/2/21,73.2,73.4,73.05,73.25
2017/2/22,73.6,73.7,73.15,73.3
2017/2/23,73.25,73.55,73.1,73.1
2017/2/24,73.05,73.3,72.85,73.15
2017/3/1,73.1,73.1,72.35,72.35
2017/3/2,72.95,73.25,72.25,72.55
2017/3/3,72.3,72.35,72,72.1
2017/3/6,72.05,72.25,72,72.15
2017/3/7,72.25,72.6,72.25,72.45
2017/3/8,72.65,72.85,72.45,72.85
2017/3/9,72.6,72.6,71.95,72.05
2017/3/10,71.95,72.05,71.55,72
2017/3/13,72.15,72.5,72.15,72.5
2017/3/14,72.6,73.1,72.6,73
2017/3/15,72.8,73,72.6,72.85
2017/3/16,73.3,73.85,73.3,73.8
2017/3/17,73.85,74.1,73.75,74
2017/3/20,73.95,74.15,73.85,73.95
2017/3/21,74.3,74.9,74.3,74.9
2017/3/22,74.25,74.25,74,74.2
2017/3/23,74.6,74.65,74.15,74.35
2017/3/24,74.35,74.4,74.1,74.25
2017/3/27,74,74.4,73.85,74.2
2017/3/28,74.55,74.6,73.95,74.25
2017/3/29,74.45,74.5,74,74
2017/3/30,74,74.25,73.9,73.9
2017/3/31,73.95,74.1,73.7,73.7
2017/4/5,73.95,74.8,73.95,74.65
2017/4/6,74.8,74.8,74.3,74.4
2017/4/7,74.3,74.3,73.4,74.1
2017/4/10,74.1,74.25,74,74.2
2017/4/11,74.1,74.4,73.75,73.9
2017/4/12,73.9,74.1,73.65,74.05
2017/4/13,73.9,74.45,73.9,74.4
2017/4/14,73.9,73.9,73.5,73.55
2017/4/17,73.55,73.8,73.35,73.6
2017/4/18,73.85,74,73.5,73.6
2017/4/19,73.1,73.25,72.65,72.8
2017/4/20,72.55,72.9,72.5,72.8
2017/4/21,73.25,73.5,73.1,73.5
2017/4/24,73.9,73.95,73.45,73.65
2017/4/25,73.85,74.4,73.7,74.35
2017/4/26,74.7,74.7,74.4,74.55
2017/4/27,74.35,74.5,74.15,74.5
2017/4/28,74.5,74.6,74.3,74.55
2017/5/2,75,75.4,75,75.2
2017/5/3,75.3,75.65,75.3,75.55
2017/5/4,75.55,75.65,75.35,75.65
2017/5/5,75.45,75.45,75.1,75.15
2017/5/8,75.55,75.7,75.25,75.7
2017/5/9,75.7,76.5,75.7,75.95
2017/5/10,76.15,76.35,76,76.25
2017/5/11,76.1,76.5,76,76.5
2017/5/12,76.25,76.5,76.15,76.3
2017/5/15,76.3,76.55,76.2,76.5
2017/5/16,76.5,76.6,76.25,76.5
2017/5/17,76.3,76.4,76.05,76.3
2017/5/18,75.65,75.9,75.3,75.9
2017/5/19,75.65,75.9,75.65,75.85
2017/5/22,75.95,76.15,75.75,76.05
2017/5/23,76.05,76.45,76,76.35
2017/5/24,76.35,76.45,76.25,76.3
2017/5/25,76.7,77,76.45,77
2017/5/26,77,77.15,76.75,76.95
2017/5/31,76.95,77.5,76.4,76.5
2017/6/1,76.5,76.9,76.5,76.9
2017/6/2,77.3,77.3,77.05,77.2
2017/6/3,77.25,77.4,77.25,77.4
2017/6/5,77.35,78,77.25,78
2017/6/6,77.95,77.95,77.7,77.95
2017/6/7,77.9,78.1,77.7,77.95
2017/6/8,77.95,78.25,77.8,78.25
2017/6/9,78.05,78.35,77.95,78
2017/6/12,77.15,77.5,77.05,77.15
2017/6/13,77.15,77.3,77,77.25
2017/6/14,77.4,77.4,76.5,76.85
2017/6/15,76.8,76.9,76.6,76.9
2017/6/16,76.9,77.7,76.85,77.7
2017/6/19,77.7,78.55,77.7,78.55
2017/6/20,78.6,79.65,78.6,79.45
2017/6/21,79.2,79.9,78.85,79.55
2017/6/22,79.6,79.85,79.55,79.75
2017/6/23,79.75,80.05,79.65,79.7
2017/6/26,79.8,81.5,79.8,81.4
2017/6/27,81.4,81.5,81,81.3
2017/6/28,80.9,81.05,80.3,80.55
2017/6/29,81,81.05,80.5,80.65
2017/6/30,80.1,80.4,79.8,80.4
2017/7/3,80.4,80.6,80.2,80.45
2017/7/4,80.45,80.6,80,80
2017/7/5,80.1,80.75,79.75,80.75
2017/7/6,80.75,80.75,80.2,80.4
2017/7/7,80.25,80.25,79.8,79.95
2017/7/10,80,80.45,80,80.35
2017/7/11,80.7,81.55,80.55,81.55
2017/7/12,81.5,81.8,81.3,81.55
2017/7/13,81.95,82.4,81.75,82.2
2017/7/14,82,82.15,81.8,82.05
2017/7/17,82.5,82.55,82,82.2
2017/7/18,82.2,82.4,81.85,82.4
2017/7/19,82.35,83,82.35,82.7
2017/7/20,82.85,82.9,82.55,82.65
2017/7/21,82.6,82.6,82.05,82.1
2017/7/24,81.95,82.3,81.75,82.3
2017/7/25,82.3,82.5,82.1,82.45
2017/7/26,82.55,82.75,82.05,82.15
2017/7/27,82.2,83,82.2,83
2017/7/28,82.4,82.45,81.95,82.1
2017/7/31,81.45,81.5,81.05,81.35
2017/8/1,82.15,82.15,81.55,81.8
2017/8/2,82,82.65,82,82.5
2017/8/3,81.85,82.35,81.7,82.2
2017/8/4,82.15,82.35,82.05,82.35
2017/8/7,82.45,83,82.45,82.95
2017/8/8,83.05,83.25,82.55,82.9
2017/8/9,82.55,82.6,82.05,82.15
2017/8/10,82.35,82.45,81.35,81.6
2017/8/11,80.85,81.35,80.75,81.25
2017/8/14,81.45,81.6,80.75,80.75
2017/8/15,81.3,81.5,80.95,81.3
2017/8/16,81.15,81.25,80.6,81
2017/8/17,81.25,81.7,81.15,81.65
2017/8/18,81,81.15,80.65,81.15
2017/8/21,81.05,81.2,80.75,81.05
2017/8/22,81.45,81.9,81.45,81.85
2017/8/23,82,82.25,81.75,81.75
2017/8/24,81.85,82.55,81.85,82.55
2017/8/25,82.65,82.75,82.4,82.7
2017/8/28,82.7,82.8,82.4,82.55
2017/8/29,82.25,82.4,81.95,82.3
2017/8/30,82.65,82.9,82.6,82.7
2017/8/31,83.15,83.15,82.7,82.95
2017/9/1,82.95,83.2,82.65,83
2017/9/4,82.9,83.05,82.7,82.85
2017/9/5,82.9,83,82.65,82.95
2017/9/6,82.7,82.9,82.35,82.6
2017/9/7,82.8,82.85,82.2,82.25
2017/9/8,82.4,82.9,82.4,82.7
2017/9/11,83.25,83.35,82.5,82.55
2017/9/12,82.95,83.05,82.65,82.85
2017/9/13,82.9,83,82.25,82.3
2017/9/14,82.3,82.55,82.15,82.35
2017/9/15,82.35,82.5,82.1,82.35
2017/9/18,82.85,83.15,82.6,83.15
2017/9/19,83.2,83.3,82.65,82.75
2017/9/20,82.5,82.65,82.1,82.2
2017/9/21,82.05,82.8,81.95,82.7
2017/9/22,82.6,82.6,81.55,81.6
2017/9/25,81.55,81.55,80.75,80.95
2017/9/26,80.8,81.05,80.3,80.3
2017/9/27,80.6,80.9,80.55,80.7
2017/9/28,80.75,80.8,80.3,80.4
2017/9/29,80.45,80.65,80.3,80.65
2017/9/30,81,81.2,80.85,81.2
2017/10/2,81.25,81.6,81.25,81.5
2017/10/3,81.55,81.7,81.3,81.5
2017/10/5,81.5,82.1,81.5,81.85
2017/10/6,82.1,82.2,81.95,82.1
2017/10/11,82.45,83.4,82.45,83.4
2017/10/12,83.55,84.2,83.55,84.2
2017/10/13,83.95,84.05,83.75,84.05
2017/10/16,84.05,84.5,84.05,84.5
2017/10/17,84.55,84.7,84.3,84.3
2017/10/18,84.8,85,84.3,84.6
2017/10/19,84.7,85.2,84.7,84.9
2017/10/20,84.4,84.85,84.4,84.55
2017/10/23,84.7,84.95,84.45,84.5
2017/10/24,84.5,84.5,84.2,84.4
2017/10/25,84.3,84.6,84.2,84.35
2017/10/26,84.15,84.4,84,84.25
2017/10/27,84.3,84.75,84.2,84.3
2017/10/30,85.1,85.35,84.8,84.95
2017/10/31,85,85.35,84.8,85.2
2017/11/1,85.35,85.4,84.95,85.1
2017/11/2,84.95,85.05,84.7,84.8
2017/11/3,84.95,85.05,84.6,84.7
2017/11/6,85.2,85.3,84.6,84.85
2017/11/7,85,85.3,84.85,85.3
2017/11/8,85.2,85.2,84.95,84.95
2017/11/9,84.95,85.05,84.4,84.4
2017/11/10,84.3,84.55,83.95,84.55
2017/11/13,84.25,84.4,84.2,84.3
2017/11/14,84.3,84.3,83.95,84.15
2017/11/15,83.8,83.85,83.15,83.3
2017/11/16,83.3,83.75,83.2,83.6
2017/11/17,84.3,84.45,84.15,84.35
2017/11/20,84.4,84.45,83.9,84
2017/11/21,83.9,84.8,83.9,84.75
2017/11/22,85.15,85.6,84.9,85.15
2017/11/23,85.15,85.35,84.95,85.2
2017/11/24,85.25,85.3,84.95,85.15
2017/11/27,85.15,85.15,84.1,84.15
2017/11/28,83.95,84,83.5,83.6
2017/11/29,83.65,83.95,83.55,83.7
2017/11/30,83,83,82.25,82.25
2017/12/1,82.15,82.9,81.65,82.6
2017/12/4,82.65,82.95,82.35,82.9
2017/12/5,82.55,82.65,82.2,82.25
2017/12/6,82.1,82.1,80.85,80.85
2017/12/7,81.2,81.25,80.45,80.9
2017/12/8,81.5,81.5,80.65,80.9
2017/12/11,81.2,81.65,81.2,81.5
2017/12/12,81.4,81.5,80.55,80.95
2017/12/13,81.1,81.2,80.9,81
2017/12/14,81.55,82,81.35,81.75
2017/12/15,81.65,81.65,80.65,81.1
2017/12/18,81.2,81.25,80.85,81.2
2017/12/19,81.2,81.4,80.7,80.8
2017/12/20,80.8,81.1,80.75,81.05
2017/12/21,81.1,81.35,81,81
2017/12/22,80.8,81.35,80.7,81.3
2017/12/25,81.3,81.55,81.3,81.45
2017/12/26,81.45,81.45,80.5,80.65
2017/12/27,80.6,80.9,80.55,80.9
2017/12/28,81.25,81.75,81.25,81.7
2017/12/29,81.75,82.2,81.75,82.15
2018/1/2,82.15,82.6,82.15,82.6
2018/1/3,82.95,83.45,82.95,83.35
2018/1/4,83.5,83.65,83.2,83.5
2018/1/5,83.5,83.8,83.3,83.75
2018/1/8,83.8,84.15,83.7,84.1
2018/1/9,84.1,84.25,83.9,84.15
2018/1/10,84.1,84.25,83.55,83.75
2018/1/11,83.65,83.7,83.1,83.4
2018/1/12,83.55,84.2,83.5,84.1
2018/1/15,84.55,84.7,84.4,84.65
2018/1/16,84.65,85,84.5,85
2018/1/17,84.65,85.45,84.65,85.15
2018/1/18,85.5,86.55,85.5,86.3
2018/1/19,86.35,87.15,86.35,87.15
2018/1/22,87.15,87.95,87.15,87.95
2018/1/23,88.05,88.4,87.9,88.3
2018/1/24,88,88,86.85,87.2
2018/1/25,87.25,88.3,87.15,87.45
2018/1/26,87.45,87.6,86.85,87.5
2018/1/29,85.5,86.15,85.2,85.55
2018/1/30,85.2,85.35,84.5,84.55
2018/1/31,84.4,85,84.15,84.65
2018/2/1,84.75,85.5,84.75,85.25
2018/2/2,84.85,85.15,84.35,84.9
2018/2/5,83.2,83.75,82.9,83.6
2018/2/6,80.85,81.1,78.8,79.65
2018/2/7,81.35,81.4,80.6,80.65
2018/2/8,80.65,80.95,80.3,80.6
2018/2/9,78.6,79.2,78,79.05
2018/2/12,79.55,79.9,79.4,79.7
2018/2/21,81.4,81.7,81.1,81.5
2018/2/22,81.5,81.5,80.75,81
2018/2/23,81.4,82.1,81.4,82
2018/2/26,82.55,82.8,82.35,82.4
2018/2/27,83.1,83.2,82.35,82.35
2018/3/1,81.55,81.95,81.15,81.75
2018/3/2,80.85,81.2,80.45,81.15
2018/3/5,81.1,81.5,80.65,80.75
2018/3/6,81.65,82.15,81.6,82.15
2018/3/7,81.75,82.45,81.7,81.8
2018/3/8,82.15,82.8,82.15,82.75
2018/3/9,82.9,83,82.7,82.85
2018/3/12,83.6,84.25,83.55,84.15
2018/3/13,84.35,84.95,84.3,84.95
2018/3/14,84.35,84.45,84,84.3
2018/3/15,84,84.3,83.9,84.25
2018/3/16,84,84.2,83.1,83.9
2018/3/19,83.65,84.1,83.45,83.85
2018/3/20,83.2,83.8,83.2,83.8
2018/3/21,83.8,84.1,83.6,83.85
2018/3/22,84,84.6,83.45,83.55
2018/3/23,81.85,82.4,81.8,82.1
2018/3/26,81.85,82.2,81.6,82.2
2018/3/27,83,83.4,82.95,83.4
2018/3/28,82.9,82.9,82.2,82.25
2018/3/29,82.25,82.35,81.8,82.1
2018/3/30,82.65,83.05,82.65,82.85
2018/3/31,82.85,83.05,82.75,82.95
2018/4/2,82.85,82.95,82.15,82.25
2018/4/3,81.5,81.55,81.2,81.5
2018/4/9,82.15,82.3,81.6,82.2
2018/4/10,82.1,82.85,81.75,82.5
2018/4/11,82.9,83.1,82.75,82.85
2018/4/12,83.05,83.15,82.25,82.5
2018/4/13,82.7,82.8,82.3,82.5
2018/4/16,82.65,82.65,82,82.3
2018/4/17,82.4,82.4,81.35,81.4
2018/4/18,81.6,82.1,81.35,81.6
2018/4/19,81.9,82.65,81.9,82.65
2018/4/20,81,81.1,80.5,80.75
2018/4/23,80.25,80.45,79.9,79.95
2018/4/24,79.9,79.95,79.05,79.55
2018/4/25,79.25,79.3,78.8,79.3
2018/4/26,79.7,79.7,78.8,79.05
2018/4/27,79.6,79.65,78.8,79.2
2018/4/30,79.65,80.15,79.05,80
2018/5/2,80.05,80.15,79.4,79.4
2018/5/3,79.05,79.05,78.35,78.55
2018/5/4,78.55,79,78.4,78.95
2018/5/7,79.5,79.55,78.8,79.5
2018/5/8,79.4,80.05,79.35,80
2018/5/9,80,80.55,80,80.45
2018/5/10,80.7,80.7,80.45,80.65
2018/5/11,81.1,81.7,81.05,81.6
2018/5/14,82,82.6,81.9,82.5
2018/5/15,82.35,82.4,81.65,81.65
2018/5/16,81.45,81.8,81.4,81.75
2018/5/17,81.95,82,81.2,81.2
2018/5/18,81.2,81.5,80.85,80.95
2018/5/21,81.2,82.1,81.2,82.05
2018/5/22,81.8,82.3,81.75,81.75
2018/5/23,81.9,82,81.3,81.35
2018/5/24,81.35,81.7,81.25,81.55
2018/5/25,81.55,82.05,81.4,81.85
2018/5/28,82.05,82.25,82,82.2
2018/5/29,82.2,82.2,81.5,81.85
2018/5/30,81.4,81.4,80.3,80.4
2018/5/31,80.8,80.95,80.55,80.75
2018/6/1,80.8,81.45,80.8,81.35
2018/6/4,81.8,82.6,81.8,82.6
2018/6/5,82.7,82.7,82.25,82.5
2018/6/6,82.65,83.35,82.65,83.3
2018/6/7,83.5,83.6,83,83.45
2018/6/8,83.3,83.3,82.5,82.55
2018/6/11,82.8,82.95,82.4,82.65
2018/6/12,82.25,82.5,81.95,82.5
2018/6/13,82.45,83.1,82.35,83
2018/6/14,82.5,82.55,81.75,81.75
2018/6/15,81.6,81.95,81.2,81.95
2018/6/19,81.1,81.2,80.6,80.6
2018/6/20,80.65,81.7,80.3,81.5
2018/6/21,81.5,81.6,81.2,81.25
2018/6/22,80.8,81.2,80.35,81.15
2018/6/25,80.85,81.05,80.7,80.9
2018/6/26,80.7,80.7,80,80.7
2018/6/27,80.75,80.9,80.3,80.4
2018/6/28,80.05,80.4,79.8,80.05
2018/6/29,80.3,81.55,80.2,81.45
2018/7/2,81.5,81.9,81,81.05
2018/7/3,81.3,81.95,80.6,81.15
2018/7/4,81.15,81.6,81.1,81.4
2018/7/5,81.45,81.45,80.6,80.75
2018/7/6,81.1,81.15,80.2,80.95
2018/7/9,81.75,82.45,81.55,82.25
2018/7/10,82.65,82.8,82.35,82.45
2018/7/11,81.7,81.9,81.3,81.7
2018/7/12,81.6,82.65,81.5,82.65
2018/7/13,83,83.4,82.8,83.35
2018/7/16,83.3,83.45,83,83
2018/7/17,82.85,82.85,82.4,82.55
2018/7/18,83.15,83.5,82.95,83.05
2018/7/19,83.1,83.8,83.05,83.3
2018/7/20,84,84.7,84,84.65
2018/7/23,84.3,84.75,83.85,84.55
2018/7/24,84.45,84.7,84.15,84.7
2018/7/25,84.05,84.85,84.05,84.75
2018/7/26,84.75,85.25,84.75,85
2018/7/27,85.1,85.75,85.1,85.7
2018/7/30,85.65,85.9,85.4,85.55
2018/7/31,85.35,85.7,85.05,85.55
2018/8/1,85.8,86.2,85.8,86.15
2018/8/2,86.1,86.15,84.85,84.85
2018/8/3,85.4,85.7,85.35,85.55
2018/8/6,85.55,86.1,85.35,85.7
2018/8/7,85.7,85.8,85.4,85.5
2018/8/8,85.8,86.4,85.8,86.15
2018/8/9,86.1,86.25,85.7,86.15
2018/8/10,85.7,86.15,85.65,85.7
2018/8/13,85.05,85.05,83.65,83.95
2018/8/14,84.4,84.6,84.05,84.55
2018/8/15,84.5,84.5,83.45,83.75
2018/8/16,83.25,84.1,83.05,83.8
2018/8/17,83.95,84.15,83.6,83.65
2018/8/20,83.9,84.1,83.7,83.95
2018/8/21,83.9,84.65,83.9,84.55
2018/8/22,84.7,84.85,84.35,84.65
2018/8/23,84.8,85.2,84.6,85.05
2018/8/24,85,85.1,84.45,84.8
2018/8/27,85,85.55,85,85.55
2018/8/28,85.95,86.4,85.95,86.25
2018/8/29,86.45,87.35,86.45,87.25
2018/8/30,87.8,88.35,87.45,87.55
2018/8/31,87,87,86.45,86.95
2018/9/3,86.95,87.2,86.4,86.45
2018/9/4,86.8,87,86.45,87
2018/9/5,87,87.3,86.7,87
2018/9/6,86.9,86.9,86.2,86.5
2018/9/7,86.2,86.45,86,86.4
2018/9/10,86.6,86.6,85.65,86
2018/9/11,85.95,86,85.4,85.65
2018/9/12,85.85,85.9,85.25,85.55
2018/9/13,85.8,85.8,84.9,84.95
2018/9/14,85.75,86.5,85.6,86.5
2018/9/17,86.5,86.5,85.7,85.85
2018/9/18,85.6,85.7,85.2,85.4
2018/9/19,85.8,86.3,85.7,86.15
2018/9/20,86.45,86.55,85.8,85.9
2018/9/21,86.25,86.85,85.9,86.85
2018/9/25,86.65,87.15,86.6,87.1
2018/9/26,86.9,87,86.75,86.9
2018/9/27,86.6,87.45,86.6,87.35
2018/9/28,87.35,87.65,86.6,86.9
2018/10/1,86.9,87.4,86.9,87.35
2018/10/2,87.25,87.25,86,86.05
2018/10/3,86.05,86.3,85.8,85.95
2018/10/4,85.7,85.7,84.8,84.9
2018/10/5,84.5,84.5,83,83.45
2018/10/8,82.95,83.4,82.5,83
2018/10/9,83.05,83.4,82.8,83.25
